GeoID,pop,employed,pct_employed,income,bike,pct_bike,transit,pct_transit,pct_30m,pct_maleBachelor,houseAge,housingUnits,pct_male,pct_white,mdAge,mdRent,mdHouseValue,pct_renterOccupied
60750101001,1123,719,91.94373402,86417,63,8.76216968,122,16.96801113,51.88953488,27.80172414,45,536,44.43455031,47.90739092,35.2,1873,992668,100
60750101002,2844,1546,96.92789969,80043,39,2.549019608,367,23.9869281,42.17780841,31.45833333,40,1767,49.75386779,49.82419128,44.9,1553,870600,87.23628692
60750102001,1522,848,100,105600,23,2.787878788,257,31.15151515,45.92105263,37.7675841,63,998,54.33639947,76.93823916,43.4,2800,1701100,55.70204351
60750102002,1853,1430,98.75690608,126971,77,5.472636816,488,34.68372424,46.44549763,43.50247525,79,1272,42.30976794,89.90825688,34.5,2564,1029300,77.17215326
60750102003,988,562,94.61279461,148048,21,3.736654804,220,39.14590747,66.08863198,49.83748646,71,786,53.2388664,85.02024291,47.9,2166,948700,41.80161943
60750103001,2019,1275,99.53161593,106923,35,2.868852459,428,35.08196721,61.7816092,37.23404255,79,1034,54.13571075,56.76077266,42,1969,1198700,77.16691431
60750103002,1087,719,96.38069705,98083,27,3.862660944,190,27.18168813,46.4339909,30.08036739,79,595,41.85832567,61.1775529,35.2,1997,1022700,89.0524379
60750103003,1271,786,94.47115385,146161,13,1.65394402,149,18.956743,31.11111111,47.01754386,79,750,62.23446105,70.5743509,37.7,2171,1555900,75.84579072
60750104001,315,232,100,105136,0,0,92,39.65517241,51.29310345,31.78294574,79,189,59.36507937,40.31746032,56.1,1818,1121200,57.14285714
60750104002,1833,1247,91.08838568,105189,46,3.798513625,224,18.49710983,38.50129199,39.6742671,79,1023,48.82705947,60.28368794,36.8,1963,981300,72.30176211
60750104003,1713,1063,93.98762157,130139,20,1.881467545,126,11.85324553,49.22440538,35.22012579,75,1035,49.03677758,57.91009924,39.2,2788,1247700,54.34909515
60750104004,784,501,89.30481283,104400,17,3.393213573,200,39.92015968,37.66816143,42.81767956,79,636,56.25,69.89795918,40.7,1770,1694400,78.06122449
60750105001,885,388,92.82296651,105136,0,0,58,14.94845361,52.43902439,29.40298507,39,598,55.02824859,54.68926554,39.8,720,992400,67.23163842
60750105002,1806,979,97.31610338,109688,10,1.02145046,252,25.74055158,31.60220994,44.28115016,50,1378,50.88593577,55.53709856,46.9,2534,1769700,88.15060908
60750106001,1101,757,98.56770833,87014,6,0.792602378,126,16.64464993,43.53932584,41.2,79,776,56.94822888,46.50317893,38,2010,1049400,82.01634877
60750106002,1078,615,90.04392387,24861,39,6.414473684,247,40.625,42.65734266,28.21316614,79,685,60.7606679,33.30241187,44.9,650,685500,91.55844156
60750106003,1326,576,89.16408669,27679,17,2.886247878,162,27.50424448,31.26079447,14.35272045,79,693,50.82956259,25.56561086,45.5,811,992668,92.91101056
60750107001,1060,738,90.88669951,119926,0,0,208,30.01443001,57.26872247,33.64817001,79,543,50.47169811,45.66037736,33.4,1733,992668,58.96226415
60750107002,1246,525,97.4025974,105136,0,0,174,33.14285714,32.43801653,12.74787535,79,600,38.44301766,26.40449438,53.7,1045,992668,85.87479936
60750107003,1977,1079,95.99644128,25758,0,0,284,26.74199623,48.27586207,10.24561404,79,937,55.89276682,13.75821952,42.3,580,2000000,95.59939302
60750107004,1219,547,88.94308943,18141,0,0,262,47.8976234,58.08270677,0,79,674,42.00164069,2.707136998,58,637,992668,100
60750108001,1275,658,90.8839779,89904,0,0,157,23.86018237,48.94026975,35.61517114,79,709,49.41176471,46.03921569,54.5,1818,2000000,47.45098039
60750108002,1491,813,97.24880383,84383,28,3.44403444,168,20.66420664,35.64231738,29.66585167,79,887,53.05164319,43.79610999,44.3,1547,992668,79.87927565
60750108003,2161,1687,97.79710145,103381,24,1.430274136,298,17.75923719,46.67943806,27.20905172,79,1163,41.36973623,69.59740861,34.5,1895,1289100,86.39518741
60750109001,770,521,90.60869565,120652,0,0,142,27.25527831,33.47193347,46.80272109,79,539,47.4025974,82.72727273,37.9,2620,919500,72.20779221
60750109002,2036,1575,98.68421053,154453,0,0,498,31.96405648,45.40229885,35.54404145,79,1220,43.61493124,67.97642436,33.1,2256,1117900,82.80943026
60750109003,1713,1129,100,108419,66,5.845881311,416,36.84676705,48.20295983,34.53333333,79,1123,49.27028605,66.84179802,42.6,1650,2000000,80.79392878
60750110001,729,509,95.31835206,145213,33,6.483300589,230,45.18664047,29.27308448,30.45977011,79,446,44.99314129,64.19753086,33.6,2102,986100,53.36076818
60750110002,2316,1726,93.0458221,143750,85,4.924681344,724,41.94669757,58.11123986,28.93681043,79,1304,44.60276339,55.31088083,30.7,2181,933100,92.61658031
60750110003,1944,1527,96.89086294,119167,12,0.816326531,678,46.12244898,56.21818182,29.64362851,74,1121,44.95884774,48.25102881,35,1490,1185000,81.79012346
60750111001,1709,1272,92.57641921,104500,100,7.86163522,433,34.0408805,47.69647696,27.71773681,79,1219,51.7846694,67.11527209,34.7,1823,1015600,91.39847864
60750111002,1961,1422,100,110875,10,0.716845878,398,28.53046595,51.75918686,36.01190476,79,1292,47.93472718,66.59867415,38.3,1400,932500,79.14329424
60750111003,1174,766,97.45547074,105136,10,1.386962552,250,34.6740638,59.36599424,27.89425706,79,859,62.43611584,71.37989779,43.7,1215,420400,93.72852234
60750112001,1488,822,93.40909091,85278,9,1.094890511,328,39.9026764,44,34.5814978,79,1007,47.64784946,51.07526882,51.5,1554,1505600,77.48655914
60750112002,1333,917,99.13513514,142656,8,0.881057269,161,17.73127753,33.86363636,32.59521701,69,854,45.91147787,70.14253563,38.3,1844,2000000,58.51462866
60750112003,557,344,97.45042493,97375,0,0,70,20.34883721,38.0952381,31.21149897,79,487,37.34290844,58.16876122,42.2,2095,1837500,66.66666667
60750113001,1465,769,97.83715013,39250,8,1.117318436,207,28.91061453,38.86462882,11.2945265,79,633,55.83617747,18.63481229,50.6,964,690800,90.51194539
60750113002,1442,659,100,23106,0,0,153,23.21699545,31.29139073,15.66929134,79,1043,40.56865465,23.370319,58.8,857,1133900,88.29787234
60750117001,841,471,96.51639344,49250,7,1.502145923,78,16.73819742,30.78703704,31.95739015,79,549,58.62068966,34.36385256,45.3,855,992668,96.93251534
60750117002,863,607,94.69578783,56397,25,4.448398577,189,33.62989324,33.89513109,27.68817204,79,801,51.21668598,36.15295481,40.1,903,1041700,89.1223733
60750118001,1558,734,93.38422392,23512,0,0,286,39.55739972,39.3006993,15.72769953,79,783,50.96277279,11.74582798,50,632,992668,99.61165049
60750119011,1104,717,100,71250,10,1.394700139,149,20.78103208,26.59053834,35.26422764,71,794,45.38043478,61.68478261,40.9,1723,1093800,77.7173913
60750119012,1509,888,88.62275449,72204,8,0.915331808,187,21.39588101,32.7294686,41.11212397,79,935,56.06361829,54.14181577,29.6,1673,603700,59.2956593
60750119021,2163,1657,97.93144208,84432,31,1.908866995,307,18.90394089,33.14536341,35.84288052,79,1526,52.28848821,54.73878872,34.6,1692,992668,93.43504392
60750119022,662,404,92.02733485,90385,0,0,143,35.3960396,58.67768595,22.07578254,79,458,47.58308157,53.32326284,42.5,1326,562500,86.70694864
60750120001,1654,1066,91.50214592,38025,0,0,373,37.75303644,49.42166141,22.95081967,79,1281,63.24062878,57.37605804,43.3,1249,992668,98.14814815
60750120002,2297,1374,91.17451891,41569,73,5.312954876,474,34.49781659,44.66313399,27.91313559,79,1538,58.07575098,34.0008707,33.9,1149,671900,97.52920036
60750121001,2548,1792,90.78014184,70703,51,2.878103837,509,28.72460497,42.13483146,30.1946344,79,1568,49.21507064,58.71271586,30.4,1565,820800,93.4276586
60750121002,1514,898,97.29144095,79265,0,0,359,40.4735062,54.41527446,21.37330754,79,735,40.95112285,62.68163804,29.6,1748,479400,94.89051095
60750122011,2809,1874,98.5278654,65384,35,1.899077591,722,39.17525773,53.66250678,27.3255814,79,1754,60.12815949,42.82662869,36.5,1467,992668,97.68600926
60750122012,1901,1161,100,39022,62,5.42432196,363,31.75853018,36.48293963,26.33846154,79,1338,73.01420305,42.92477643,38.4,1313,506600,94.73961073
60750122021,3443,1882,90.35045607,36719,164,8.947081288,643,35.07910529,34.22222222,24.31282723,79,1718,67.67354052,47.83618937,40.6,1024,977900,97.26443769
60750123011,1194,427,100,17344,0,0,175,43.75,42.25,12.82306163,79,1057,56.7839196,49.49748744,51.7,496,992668,100
60750123012,930,448,84.36911488,17340,7,1.587301587,144,32.65306122,44.1314554,18.57541899,79,619,55.48387097,49.13978495,39.5,977,992668,100
60750123021,1382,987,96.01167315,64688,16,1.629327902,372,37.88187373,42.69662921,41.41238012,79,1085,60.34732272,56.80173661,35.3,1759,992668,100
60750123022,1125,549,88.6914378,28992,16,2.968460111,192,35.62152134,45.61403509,33.13373253,79,1172,53.51111111,39.37777778,39.7,1187,992668,99.2
60750124011,2494,1191,89.41441441,19231,46,3.972366149,457,39.46459413,42.40069085,14.55555556,79,1278,72.21331195,37.44987971,36,837,992668,100
60750124012,2492,1454,95.72086899,26417,136,9.424809425,747,51.76715177,32.68019594,20.32721864,79,1851,50.96308186,43.33868379,37.3,953,992668,100
60750124021,1143,595,98.02306425,40698,43,7.226890756,274,46.05042017,31.25,27.37603306,79,695,58.88013998,47.33158355,30.6,825,992668,100
60750124022,1090,849,94.75446429,141691,16,1.884570082,404,47.58539458,18.71794872,48.75373878,45,740,53.66972477,62.8440367,33.5,2045,992668,100
60750124023,1767,934,98.62724393,26514,152,16.32653061,428,45.97207304,45.43501611,23.84557154,68,1236,52.74476514,49.46236559,37,938,704500,87.00629651
60750125011,2449,1092,96.38128861,23400,9,0.824175824,627,57.41758242,43.77880184,17.20484359,79,1369,58.63617803,24.94895876,50,781,722200,97.55186722
60750125012,1110,353,86.09756098,14746,0,0,200,59.52380952,26.66666667,18.56846473,79,1261,68.1981982,69.81981982,53.4,526,992668,97.27891156
60750125021,1885,545,84.36532508,12054,0,0,282,51.74311927,53.05343511,5.008537279,79,1272,48.38196286,26.68435013,60.2,456,992668,99.61111111
60750125022,1822,755,92.5245098,14583,0,0,466,68.93491124,53.09200603,6.116389549,79,1041,59.00109769,36.88254665,50,477,992668,100
60750126011,2592,1961,97.22359941,129139,21,1.081916538,646,33.2818135,59.31804821,41.05263158,79,1680,48.1867284,88.65740741,36.4,2161,1953100,75.61728395
60750126021,1519,1156,97.80033841,155116,0,0,376,33.18623124,66.29778672,36.01286174,79,928,48.65042791,85.71428571,34.3,2431,2000000,66.22778144
60750126022,1295,830,97.30363423,119886,87,10.48192771,246,29.63855422,46.36363636,38.32752613,63,889,41.54440154,80.61776062,34.2,2142,1595600,82.85714286
60750127001,1664,1028,94.92151431,130234,23,2.254901961,233,22.84313725,51.59301131,35.05703422,79,978,43.81009615,77.04326923,33.9,2518,2000000,68.68990385
60750127002,1175,839,100,137237,0,0,389,46.3647199,64.375,43.92344498,79,774,44.34042553,88.5106383,35.6,2418,1176400,71.57446809
60750127003,798,418,93.51230425,106823,0,0,200,47.84688995,58.10055866,36.29343629,79,552,45.23809524,86.96741855,52,2067,1601300,59.02255639
60750128001,1974,1416,95.09738079,168478,14,0.988700565,665,46.96327684,60.1088647,38.15711754,79,979,48.88551165,91.59067882,30.8,2392,1390600,60.74149314
60750128002,851,450,94.14225941,250000,0,0,49,12.40506329,34.93975904,30.09868421,79,401,45.24089307,100,44.3,3138,2000000,24.20681551
60750128003,1371,950,97.83728115,142604,94,10.06423983,414,44.3254818,54.35582822,37.03366697,79,677,43.61779723,75.27352298,34.6,2365,1290800,75.7840992
60750128004,542,275,93.22033898,55662,60,21.81818182,28,10.18181818,29.45736434,34.90990991,79,512,59.22509225,75.46125461,32.9,1722,992668,87.45387454
60750129011,1163,915,95.61128527,129375,9,0.983606557,384,41.96721311,45.03464203,40.8372093,79,799,49.69905417,85.72656922,33.8,1998,2000000,80.43478261
60750129012,1591,1175,96.23259623,151442,101,8.669527897,438,37.59656652,55.25154457,37.94326241,79,895,47.83155248,81.70961659,32.9,1922,1107700,63.54494029
60750129021,1268,1036,97.09465792,116250,19,1.864573111,352,34.54367026,62.21743811,53.59019264,79,847,55.12618297,76.10410095,31.3,1819,1115400,79.57413249
60750129022,1383,941,98.84453782,122324,9,0.95642933,422,44.84590861,49.67602592,39.98073218,66,802,48.08387563,77.72957339,31.8,2410,1533700,60.04618938
60750129023,977,691,88.81748072,115042,0,0,276,39.03818953,50.07849294,25.78313253,77,595,41.35107472,85.7727738,32.2,2174,2000000,77.37973388
60750130001,1329,973,92.22748815,122632,0,0,510,52.41521069,40.48625793,49.17891098,79,806,51.91873589,79.38299473,33.8,1977,992668,77.05041384
60750130002,926,558,98.23943662,159615,0,0,242,43.36917563,46.99792961,37.02185792,64,421,40.49676026,79.15766739,34.3,2347,2000000,64.47084233
60750130003,1569,1175,98.32635983,176202,0,0,254,21.61702128,49.68017058,59.31445604,79,691,61.37667304,82.09050351,30.4,2467,1152800,67.62268961
60750130004,1133,929,97.78947368,157458,17,1.847826087,328,35.65217391,53.78787879,40.66882416,79,770,50.6619594,94.52780229,34.4,1899,2000000,79.69991174
60750131011,1782,1388,98.36995039,134250,0,0,358,26.85671418,52.28426396,43.63403711,79,1192,48.59708193,84.45566779,34.1,2268,1631900,80.18867925
60750131012,1960,1706,97.09732499,121250,31,1.876513317,696,42.13075061,58.83668904,45.67493113,79,1422,51.93877551,74.03061224,34.9,2526,861600,88.87755102
60750131021,1598,1119,96.216681,126333,34,3.133640553,327,30.13824885,50.71350165,41.17250674,75,931,46.68335419,75.78222778,35.6,2279,992668,82.05787781
60750131022,1486,1059,97.1559633,181944,55,5.298651252,299,28.80539499,44.28857715,44.65863454,65,816,47.10632571,72.67833109,34.2,2795,1714700,57.32613099
60750132001,1915,1365,93.30143541,134479,17,1.262063846,603,44.76614699,56.57370518,41.27439724,79,1513,50.07832898,82.87206266,39.3,2457,2000000,77.70234987
60750132002,705,354,100,250000,0,0,43,12.14689266,70.21943574,52.01465201,79,372,56.59574468,70.78014184,47.5,2113,2000000,21.71428571
60750132003,1424,620,85.7538036,172321,32,5.161290323,165,26.61290323,39.68253968,48.24723247,79,749,47.68258427,72.96348315,43.2,2987,2000000,35.77060932
60750133001,662,321,100,218281,13,4.180064309,28,9.003215434,44.48979592,44.44444444,79,267,55.58912387,84.44108761,38.7,3500,2000000,27.94561934
60750133002,1173,631,92.93078056,160278,19,3.011093502,109,17.27416799,42.80373832,34.84358145,79,569,40.32395567,68.11594203,44.2,2162,1931000,40.66496164
60750133003,1285,678,93.90581717,94306,54,8.13253012,249,37.5,61.97440585,30.09049774,57,567,49.26070039,69.41634241,33.2,1342,1388500,62.68509378
60750133004,673,314,100,207396,0,0,31,9.872611465,44.73684211,47.39039666,79,305,46.80534918,78.0089153,45.9,2352,2000000,27.63744428
60750133005,833,407,86.22881356,126174,0,0,149,37.43718593,40.88541667,27.27272727,79,393,33.49339736,81.272509,40.3,1733,2000000,38.41536615
60750134001,983,593,100,172558,18,3.135888502,177,30.83623693,31.65938865,38.58064516,79,615,41.91251272,68.15869786,37.5,2228,1332100,57.37538149
60750134002,1775,1186,98.58686617,135197,0,0,253,21.791559,52.04460967,37.44460857,79,847,43.43661972,77.91549296,35.4,2286,2000000,56.8457539
60750134003,1273,960,97.1659919,184922,0,0,243,25.68710359,63.98601399,42.12454212,79,729,52.31736057,74.46975648,33.7,2407,1529200,56.40219953
60750135001,1313,877,98.65016873,151250,13,1.518691589,299,34.92990654,48.4496124,37.23105706,79,804,48.2863671,73.80045697,38,1850,2000000,60.78740157
60750135002,1304,890,96.84439608,112829,20,2.333722287,284,33.13885648,60.12195122,40.82491582,79,1083,50.30674847,61.96319018,38.4,1669,1105800,73.31288344
60750151001,1411,918,97.04016913,86447,41,4.606741573,347,38.98876404,48.65181712,38.65030675,58,1061,49.82282069,70.80085046,38.9,1838,758900,86.52173913
60750151002,1014,668,98.67060561,107167,45,6.923076923,166,25.53846154,55.19713262,45.43546695,31,856,52.07100592,46.94280079,40.7,2559,800800,57.92622134
60750152001,2035,1067,93.35083115,61058,0,0,511,49.18190568,49.05847374,25.57746479,68,1278,42.75184275,54.1031941,39.6,1460,1509600,88.84520885
60750152002,1390,864,95.15418502,122670,40,4.62962963,328,37.96296296,55.45685279,36.85106383,79,807,42.30215827,74.5323741,34,2133,2000000,74.69230769
60750152003,960,600,81.41112619,115268,32,5.614035088,145,25.43859649,57.96064401,42.47894103,47,514,61.66666667,81.45833333,37.4,1811,935400,54.47916667
60750153001,938,723,98.90560876,122292,23,3.198887344,261,36.30041725,39.60244648,35.30895334,79,482,50.10660981,69.08315565,35.6,2083,1500000,66.96132597
60750153002,1272,781,96.65841584,112813,52,6.709677419,311,40.12903226,47.94701987,27.56052142,79,559,42.05974843,66.35220126,35.8,2321,868800,65.48358474
60750154001,859,594,95.19230769,159029,39,6.565656566,80,13.46801347,19.140625,53.55987055,79,429,42.84051222,50.29103609,33.3,2653,960600,45.0523865
60750154002,1491,1138,98.6135182,150452,57,5.071174377,440,39.14590747,40.42163153,35.13513514,79,780,46.21059691,67.20321932,34.2,2601,942400,71.17845118
60750154003,1238,782,95.13381995,86500,20,2.557544757,331,42.32736573,46.54002714,23.06273063,67,800,47.89983845,64.94345719,35.9,1886,933700,69.38610662
60750154004,820,487,93.83429672,123679,0,0,144,29.5687885,48.48484848,44.92063492,66,441,46.58536585,61.58536585,41.4,2702,1205400,76.46341463
60750154005,1469,770,98.5915493,121322,19,2.519893899,253,33.55437666,50.79136691,37.98165138,79,729,45.67733152,79.23757658,37.4,1818,1460500,42.98425736
60750155001,1709,806,98.7745098,70489,0,0,439,54.46650124,44.48871182,32.89863663,51,1194,46.98654184,71.67934465,64.8,1176,738900,85.38785328
60750155002,1361,720,100,105136,0,0,220,30.55555556,55.64784053,16.05896043,45,985,41.44011756,45.40778839,52.5,1436,431300,89.41954445
60750155003,670,414,83.97565923,105136,0,0,141,34.05797101,66.1498708,14.77272727,55,362,47.31343284,56.26865672,49.3,1010,403400,68.47662142
60750156001,684,433,99.54022989,105625,25,6.097560976,169,41.2195122,57.67195767,39.50617284,61,354,45.32163743,37.71929825,38.4,2532,1605800,62.3880597
60750156002,1562,951,95.67404427,91486,24,2.547770701,207,21.97452229,49.3902439,36.15023474,79,644,45.39052497,69.33418694,27.9,1893,1125000,81.04993598
60750156003,990,457,91.76706827,68359,32,8.142493639,134,34.09669211,49.21052632,28.94424674,55,578,47.77777778,46.46464646,58.1,900,1281300,73.63636364
60750157001,1377,802,93.69158879,118352,33,4.114713217,199,24.81296758,61.29032258,51.00334448,61,688,67.75599129,64.48801743,34.8,1861,1331700,76.40728477
60750157002,2051,1404,97.2972973,103451,230,16.59451659,535,38.6002886,61.67913549,34.40514469,79,852,51.04826914,66.45538762,32.8,2050,1078400,65.40726202
60750157003,2287,1405,93.9171123,133295,25,1.779359431,502,35.72953737,65.76980568,35.35885167,70,903,47.31088763,53.9571491,37.3,2335,905400,67.99450549
60750157004,3662,1431,75.91511936,121369,19,1.336146273,489,34.38818565,41.17210682,42.30254351,79,401,39.78700164,52.51228837,19.3,2214,1207200,51.66666667
60750158011,503,166,95.40229885,42361,0,0,97,58.43373494,15.2866242,21.80685358,41,217,55.0695825,24.45328032,39.9,925,701400,48.90656064
60750158012,2299,1333,86.55844156,85511,91,6.878306878,580,43.83975813,40.0152439,31.64488017,48,1041,50.28273162,38.538495,37.3,1220,1070000,65.94171379
60750158013,1327,561,98.42105263,48125,71,12.93260474,186,33.87978142,61.34122288,25.76086957,55,574,47.55086662,48.53051997,35.2,911,1025000,83.98058252
60750158021,1957,1439,95.36116634,116550,205,14.3256464,567,39.62264151,53.18681319,46.06879607,79,835,59.37659683,64.0776699,31.3,1772,795500,81.35770235
60750158022,1549,1082,96.60714286,73839,38,3.512014787,511,47.22735675,61.39438085,34.48275862,79,846,54.61588121,69.85151711,39.4,1286,1072400,80.92105263
60750159001,1636,764,95.38077403,52059,64,8.544726302,278,37.11615487,54.91573034,41.62743779,51,931,57.33496333,47.24938875,54.7,1071,645300,44.69598965
60750159002,2796,1536,98.84169884,63676,150,10.15572106,793,53.68991198,58.31622177,31.1903566,27,1496,49.78540773,35.01430615,30.9,2562,992668,91.20171674
60750160001,2807,1554,96.04449938,63808,53,3.437094682,718,46.56290532,52.40677966,36.65979381,37,1954,53.47345921,48.16530103,44.6,1365,658100,74.91984325
60750161001,1288,535,78.21637427,40729,62,11.58878505,165,30.8411215,29.90654206,10.56635672,44,434,48.52484472,2.48447205,48.8,896,622700,74.96075353
60750161002,1072,641,97.71341463,27542,45,7.55033557,294,49.32885906,56.92883895,28.82599581,46,702,47.10820896,43.93656716,39.4,1818,781300,93.09701493
60750161003,876,169,64.75095785,12305,0,0,46,27.21893491,38.29787234,6.043165468,51,517,41.21004566,21.46118721,50,285,992668,97.37442922
60750161004,2326,1087,94.27580225,24583,0,0,603,57.1563981,73.68983957,29.88147224,38,1190,43.25021496,26.22527945,30.7,1046,992668,96.9905417
60750162001,888,676,98.54227405,77083,38,5.621301775,275,40.68047337,44.64831804,42.61704682,69,641,65.87837838,58.22072072,40.3,1305,992668,79.61711712
60750162002,1105,822,99.27536232,84167,57,7.011070111,424,52.15252153,40.43367347,43.14115308,45,610,63.98190045,53.12217195,36.3,1193,1038500,79.63800905
60750162003,1243,910,96.91160809,122500,58,6.524184477,391,43.98200225,54.77031802,46.83776352,79,703,60.98149638,76.91069992,36,1865,992668,96.6255144
60750163001,681,337,100,21857,0,0,161,47.77448071,54.15282392,12.40601504,66,494,43.02496329,14.83113069,47.8,937,625000,88.39941263
60750163002,1000,759,95.83333333,154563,0,0,342,47.10743802,63.04347826,28.58769932,79,504,52,56.3,33.5,2125,1081300,79.7
60750163003,2990,2331,97.0845481,161103,363,15.97008359,951,41.83897932,62.20984215,54.20782299,79,1162,67.35785953,69.89966555,31.4,1990,1060800,76.01410935
60750164001,2026,1654,98.80525687,115625,256,15.57177616,690,41.97080292,56.640625,28.60250136,79,996,46.69299112,75.61697927,35.5,1822,1062500,84.17849899
60750164002,1889,1438,98.02317655,119643,164,11.68923735,488,34.7826087,53.7007874,34.7112462,79,939,50.44997353,61.67284277,34.9,2186,967300,63.68330465
60750165001,2227,1365,96.39830508,118015,89,6.52014652,481,35.23809524,50.73409462,26.64113786,79,787,52.17781769,65.96317916,30.5,2031,1609800,80.81452404
60750165002,983,763,95.13715711,110938,91,11.9266055,248,32.50327654,48.53333333,23.3256351,79,487,23.80467955,79.14547304,28.9,1747,951400,75.79487179
60750165003,1373,1048,93.48795718,119438,82,7.824427481,436,41.60305344,63.64628821,27.54491018,79,709,41.29643117,80.26219956,38.1,2573,900300,71.07250755
60750165004,1177,593,92.65625,120600,22,3.880070547,156,27.51322751,67.37044146,32.38866397,79,526,47.6635514,65.08071368,39.5,1839,1406300,56.66666667
60750166001,2000,1555,100,144627,58,3.929539295,527,35.70460705,55.99415205,38.24346859,79,956,49.75,72.85,35.7,1821,1662500,68.65
60750166002,1377,1161,96.5890183,137808,199,17.14039621,472,40.6546081,51.62523901,27.96934866,79,604,52.79593319,78.21350763,34.5,1346,818200,85.07235339
60750166003,1699,1443,98.0298913,113561,45,3.118503119,588,40.74844075,73.54294479,64.50276243,79,830,71.04178929,79.51736315,30,1771,1286800,86.63919953
60750166004,711,542,97.3070018,140391,17,3.136531365,178,32.84132841,56.00858369,32.6953748,79,375,52.18002813,72.29254571,33,2390,1300000,78.19971871
60750167001,1688,1411,99.15671117,159464,133,9.623733719,643,46.52677279,58.36038961,38.5620915,79,943,51.36255924,86.43364929,34.1,2006,1327300,64.51421801
60750167002,672,530,96.01449275,166923,63,11.88679245,221,41.69811321,63.10272537,44.94949495,79,364,51.33928571,82.44047619,35.4,2010,1530000,62.05357143
60750167003,1144,804,100,164330,21,2.611940299,389,48.38308458,52.09742896,40.49676026,79,536,47.11538462,85.75174825,38.8,1791,1678600,64.37098255
60750167004,1532,1227,93.95099541,132390,177,14.42542787,234,19.07090465,57.2425829,33.14037627,79,684,54.37336815,77.02349869,35.1,2083,1035700,77.37373737
60750168011,1368,984,91.96261682,112250,95,9.5,417,41.7,49.17864476,38.4359401,79,631,54.97076023,71.6374269,33.5,2069,956300,88.01169591
60750168012,1151,754,96.66666667,99327,60,8.196721311,269,36.74863388,29.5532646,39.97975709,68,640,60.46915725,83.31885317,36.7,1763,942100,78.10599479
60750168013,905,806,100,72298,34,4.358974359,453,58.07692308,54.49101796,47.20873786,79,591,69.72375691,75.46961326,34.7,1316,1091100,76.68508287
60750168021,975,763,97.07379135,91726,0,0,261,36.14958449,37.98219585,30.7775378,67,711,54.46153846,68.61538462,35.5,1550,810100,73.94871795
60750168022,1426,784,93.22235434,67188,55,7.217847769,311,40.81364829,42.38975818,31.97879859,79,683,53.64656381,58.41514727,35.7,1578,1116500,75.90454196
60750168023,989,733,96.44736842,85250,12,1.655172414,329,45.37931034,34.97109827,42.03233256,79,696,66.32962588,59.85844287,38.4,1334,776800,87.56319515
60750169001,1925,1263,94.96240602,84531,118,9.539207761,601,48.58528698,45.27410208,49.73262032,79,1139,67.37662338,76.77922078,41.7,1462,908200,71.24010554
60750169002,1208,838,90.88937093,138056,66,8.148148148,406,50.12345679,54.5323741,46.50512582,79,649,66.39072848,71.35761589,37.4,2113,1074600,51.98675497
60750170001,965,663,94.98567335,181029,0,0,151,23.23076923,47.45762712,61.97530864,79,466,60.82901554,91.60621762,42.9,2087,1182100,24.87046632
60750170002,2323,1669,94.61451247,146974,90,5.281690141,670,39.31924883,61.33501259,51.38376384,70,1466,60.48213517,78.94963409,42.9,2500,1239700,49.5049505
60750170003,825,615,100,176477,0,0,247,40.16260163,52.18150087,45,79,442,59.63636364,78.3030303,42.8,1910,996200,39.03030303
60750171011,1305,820,91.11111111,158750,16,1.972872996,357,44.01972873,70.16348774,43.67219917,79,646,58.31417625,69.04214559,39.5,1984,1723700,38.69731801
60750171012,1252,812,97.1291866,136905,99,12.69230769,295,37.82051282,60.761347,48.96616541,79,703,59.58466454,84.10543131,40.6,2341,1115900,52.31629393
60750171013,1186,843,96.23287671,139167,31,3.708133971,416,49.76076555,61.25319693,39.26553672,79,623,49.07251265,85.24451939,35.9,1949,1642900,66.63577386
60750171021,1168,775,94.28223844,113672,28,3.698811096,332,43.85733157,60.49562682,31.72541744,79,676,47.34589041,79.79452055,38.3,2082,1239000,58.30479452
60750171022,738,489,97.02380952,105136,18,3.75,205,42.70833333,64.82300885,37.96133568,79,318,46.34146341,68.42818428,39.6,2389,1177900,51.62601626
60750171023,1813,1230,97.61904762,147639,78,6.341463415,532,43.25203252,46.87216682,40.79045488,79,856,46.77330392,84.61114175,32.9,2114,1601400,59.05027933
60750176011,0,0,0,0,0,0,0,0,0,0,71,0,0,0,0,0,0,0
60750176012,2413,1279,97.93261868,105136,63,5.011933174,225,17.89976134,23.27868852,17.84565916,79,1881,60.132615,33.27807708,47.5,782,992668,90.83263246
60750176013,2905,2250,97.7410947,101971,99,4.419642857,683,30.49107143,39.2944635,37.06593835,17,2096,64.88812392,37.41824441,32.3,1776,651800,93.9362075
60750176014,1410,568,97.09401709,24095,41,7.008547009,179,30.5982906,32.51417769,25.21602514,9,978,60.63829787,36.09929078,47.5,1031,992668,100
60750176015,1704,844,95.69160998,105136,0,0,302,36.9193154,46.6992665,15.625,77,976,50.52816901,25.7629108,45,815,992668,97.76995305
60750177001,199,165,100,121875,14,8.484848485,42,25.45454545,43.75,31.15577889,63,134,61.80904523,56.7839196,30.4,2733,1265600,71.42857143
60750177002,1623,1016,90.07092199,98333,106,10.48466864,369,36.49851632,53.22069694,33.02822273,79,679,60.56685151,37.58471965,35.1,1716,842700,92.35982748
60750178011,1190,138,100,11711,0,0,75,54.34782609,54.80769231,6.218487395,40,1023,35.79831933,14.70588235,78.1,286,992668,100
60750178012,2282,1142,95.80536913,80703,33,2.938557435,327,29.11843277,44.90889603,29.20883165,26,1573,40.35933392,40.18404908,42.1,949,785200,71.12182296
60750178021,3491,1839,94.45300462,74267,100,5.530973451,465,25.71902655,41.90592547,31.06560222,29,1828,49.06903466,36.37926096,35.4,1250,840700,74.91930278
60750178022,1617,1001,89.21568627,62264,76,7.421875,316,30.859375,44.87034949,31.93277311,16,914,68.27458256,40.19789734,42.1,1110,747300,75.16046213
60750179021,3129,1500,86.80555556,52143,27,1.851851852,700,48.01097394,61.02564103,23.82978723,58,736,57.39852988,39.46947907,25.8,2010,992668,100
60750180001,1981,1233,89.54248366,143859,52,4.217356042,348,28.22384428,47.44455159,37.73364486,18,983,65.62342251,49.772842,37.8,2662,932200,56.35622026
60750180002,991,515,96.98681733,166667,75,15,127,25.4,37.97468354,28.26576577,21,432,61.04944501,43.99596367,39.8,1903,883300,38.87043189
60750201001,1076,782,96.90210657,83750,9,1.181102362,331,43.43832021,43.27563249,36.66987488,79,744,54.83271375,44.70260223,40.5,1111,740200,52.36625514
60750201002,1938,1233,96.40344019,62148,127,10.47854785,768,63.36633663,49.13043478,24.29731418,79,904,60.42311662,64.96388029,33.8,1170,931800,83.531961
60750201003,1169,599,87.06395349,24418,142,23.70617696,244,40.7345576,37.30834753,29.33333333,76,618,55.26090676,47.81864842,35.2,1558,644200,92.64328486
60750201004,1728,894,92.26006192,22475,79,8.836689038,460,51.4541387,52.66272189,16.13774477,79,1202,57.40740741,39.58333333,39.7,544,690800,95.19675926
60750202001,1058,831,100,104917,77,9.265944645,263,31.64861613,45.81673307,48.21052632,79,621,60.39697543,58.88468809,35.4,1694,966700,83.93194707
60750202002,2550,1397,92.70072993,77891,37,2.702702703,721,52.66617969,48.97792314,26.94970005,54,1372,51.68627451,45.33333333,38.9,1188,857100,85.74273198
60750202003,2479,1468,91.92235441,43650,218,15.25542337,648,45.34639608,47.58865248,39.59762231,79,1445,69.50383219,69.34247681,42.6,932,845500,82.49694002
60750203001,1244,914,98.27956989,145625,31,3.391684902,466,50.98468271,53.61077111,47.00934579,79,755,59.32475884,65.19292605,39.3,1889,864400,74.14634146
60750203002,733,527,99.62192817,110000,21,4.061895551,298,57.64023211,47.60956175,42.63322884,79,392,56.48021828,79.2633015,33.6,2161,1272700,72.60273973
60750203003,1436,1003,98.91518738,105263,21,2.131979695,493,50.05076142,47.69585253,50.24958403,79,776,61.55988858,69.70752089,36,1615,949100,79.38718663
60750204011,1137,775,98.22560203,149050,36,4.693611473,270,35.20208605,61.69895678,39.97821351,79,603,55.93667546,74.4942832,38.9,3060,1178900,41.60070361
60750204012,898,668,95.42857143,186806,0,0,152,23.10030395,67.29452055,37.59894459,55,501,56.79287305,73.83073497,41.5,2278,1362500,56.5701559
60750204013,1255,899,97.18918919,155536,9,1.001112347,406,45.16129032,61.73800259,49.62406015,79,748,69.16334661,75.45816733,44.7,1893,986200,38.16733068
60750204021,2557,1696,97.80853518,94189,59,3.513996426,441,26.26563431,59.29311395,46.50334076,49,1414,66.4450528,61.94759484,38.1,1910,811100,80.99335158
60750204022,2089,1693,100,109306,41,2.513795218,528,32.37277744,51.53256705,49.84243697,55,1324,61.99138344,79.22450933,40.4,1956,1306200,57.97032073
60750205001,991,737,100,124273,29,3.934871099,432,58.61601085,58.4592145,45.39089848,79,499,62.15943491,78.91019173,39,1860,994300,64.17759839
60750205002,994,682,95.92123769,105724,42,6.158357771,330,48.38709677,46.16639478,51.97215777,79,462,68.5110664,81.18712274,43.8,1994,1216300,62.4217119
60750205003,988,717,95.98393574,166389,20,2.894356006,292,42.25759768,64.96,52.9685681,79,482,63.46153846,84.61538462,39.9,2350,1826400,47.46963563
60750206001,1585,897,96.65948276,115833,36,4.15704388,306,35.33487298,65.75,43.58130349,64,1154,65.29968454,79.49526814,47.1,1496,1366100,67.88643533
60750206002,795,507,87.86828423,140667,30,6.072874494,189,38.25910931,60.7748184,53.24503311,79,456,61.88679245,68.30188679,39.4,2125,1159600,65.2284264
60750206003,893,578,96.01328904,203661,14,2.729044834,227,44.24951267,59.01287554,29.95839112,79,493,50.72788354,71.66853303,38.9,2929,1473200,24.97200448
60750206004,1680,1235,96.18380062,141148,183,15.18672199,465,38.58921162,43.16546763,52.66903915,79,833,57.32142857,80.53571429,38.5,2203,1540000,52.20238095
60750207001,2024,1563,94.21338156,152125,186,12.3015873,619,40.93915344,45.57678698,42.30349345,79,1158,51.43280632,73.76482213,33.6,1811,1100700,77.18422366
60750207002,1879,1377,97.24576271,130640,126,9.264705882,648,47.64705882,47.20194647,38.03000652,79,1185,50.98456626,67.00372539,36.8,1949,1568300,68.51248643
60750207003,1108,893,97.8094195,191289,26,2.995391705,413,47.58064516,56.15577889,42.01500536,79,544,48.37545126,67.59927798,35.3,2417,1437500,77.79783394
60750208001,1158,765,94.91315136,105136,32,4.183006536,437,57.12418301,40.81632653,45.08547009,79,523,62.69430052,56.56303972,32.1,1873,820000,87.30569948
60750208002,2003,1556,97.86163522,123080,306,19.66580977,597,38.36760925,40.27595269,47.5315729,79,805,62.00698952,68.29755367,34.4,1712,712700,78.06748466
60750208003,1335,880,97.13024283,65577,110,12.5,275,31.25,50.46403712,29.29292929,79,732,55.50561798,44.49438202,39.5,766,738900,77.52808989
60750208004,1809,1217,93.83191981,105136,186,16.28721541,562,49.21190893,51.19363395,23.53706112,57,798,63.34991708,49.91708126,38.2,1247,992668,97.92654028
60750209001,2024,1149,98.12126388,62955,83,7.223672759,665,57.87641427,50.85049239,28.11688312,79,735,53.16205534,41.84782609,35.9,1552,1020800,89.26728586
60750209002,813,564,89.95215311,53933,61,11.38059701,222,41.41791045,53.59223301,26.58788774,79,363,62.60762608,46.98646986,35.1,1410,842100,85.36285363
60750209003,848,563,96.40410959,127917,62,11.01243339,216,38.36589698,47.27272727,41.40625,56,381,45.51886792,70.51886792,32,1253,789800,79.5990566
60750209004,1131,729,91.23904881,90278,43,5.898491084,373,51.1659808,60.90775988,23.40195016,79,504,51.28205128,63.2183908,37.8,1514,1086500,87.5331565
60750210001,857,745,100,102431,59,7.919463087,352,47.24832215,57.48251748,49.51807229,79,547,64.41073512,67.56126021,34.4,1651,1187500,89.96499417
60750210002,1274,950,94.05940594,174167,104,10.94736842,596,62.73684211,35.42857143,53.52363961,79,510,61.30298273,80.37676609,37.7,2344,942900,77.62951334
60750210003,1205,889,100,120350,80,9.142857143,505,57.71428571,46.61117717,38.75236295,79,679,51.86721992,72.94605809,37.9,1705,1222200,66.30705394
60750210004,1499,889,92.79749478,100368,73,8.211473566,414,46.56917885,52.61780105,26.31147541,79,565,51.83455637,63.30887258,35.7,1604,985800,74.30083144
60750211001,1290,813,93.87990762,173750,65,8.485639687,252,32.89817232,48.69942197,50.28790787,79,598,59.06976744,90.23255814,40.7,1901,1234700,47.6744186
60750211002,984,597,92.99065421,167375,27,4.522613065,312,52.26130653,64.06533575,41.9525066,79,502,47.56097561,59.45121951,33.8,2355,950000,70.52845528
60750211003,1062,722,95.5026455,138864,0,0,186,25.97765363,75.6043956,34.36830835,79,545,51.6007533,83.14500942,43.2,2275,1727900,72.69303202
60750211004,910,523,94.23423423,125179,0,0,145,28.21011673,55.55555556,36.82065217,79,474,47.69230769,70.76923077,44.2,1704,2000000,19.56043956
60750212001,1008,713,93.81578947,144167,41,5.774647887,193,27.18309859,56.52841782,44.05339806,66,514,50.3968254,82.04365079,39.6,1977,1635200,52.48015873
60750212002,1329,751,96.52956298,164643,15,2.118644068,138,19.49152542,49.50980392,43.51378958,79,594,51.54251317,73.28818661,38.4,2173,1582100,39.00763359
60750212003,754,540,96.08540925,145179,33,6.613226453,89,17.83567134,56.71296296,41.57480315,79,457,49.20424403,75.33156499,46.7,2075,1315500,32.36074271
60750213001,896,575,96.15384615,150208,0,0,173,30.78291815,68.18181818,50,79,470,55.02232143,78.34821429,38.3,1974,1860000,48.21428571
60750213002,1696,1123,97.39809193,177700,13,1.181818182,448,40.72727273,71.30801688,40.20245842,64,825,51.00235849,73.05424528,41.5,2197,1375000,36.43867925
60750214001,850,612,97.76357827,126071,61,10.53540587,214,36.96027634,67.78242678,45.15669516,79,420,46.82352941,73.41176471,34.2,2798,1205000,60.11764706
60750214002,1558,1023,97.15099715,129500,48,4.724409449,404,39.76377953,63.66704162,38.76404494,79,736,56.67522465,79.97432606,40.4,2278,1202900,40.436457
60750214003,1398,822,89.73799127,201875,30,3.699136868,340,41.92355117,57.30478589,32.16845878,79,682,49.07010014,79.04148784,37,2909,1116300,52.86123033
60750215001,925,627,100,75721,64,10.32258065,224,36.12903226,69.09722222,30.5278174,79,499,48.64864865,59.02702703,37.3,2101,942500,57.94594595
60750215002,1356,804,84.45378151,105136,21,2.611940299,315,39.17910448,63.5989011,38.98951382,79,579,57.44837758,81.12094395,35.2,1689,1505900,44.7640118
60750215003,775,598,93.00155521,121641,86,14.8020654,169,29.08777969,65.24822695,44.72972973,79,530,55.87096774,77.16129032,38.5,2109,883600,63.35483871
60750215004,925,738,100,163542,37,5.131761442,275,38.14147018,82.13689482,28.23803967,79,570,46.05405405,75.56756757,41.9,2255,961500,49.11242604
60750215005,1174,781,94.20989144,105136,84,10.75544174,322,41.22919334,75.33834586,44.53870626,79,527,51.53321976,80.83475298,39.5,1414,2000000,48.63713799
60750216001,2008,1282,96.97428139,202679,34,2.675059009,425,33.43823761,74.18244406,48.08067664,68,955,54.6314741,74.50199203,41.8,2776,1310300,28.98406375
60750216002,2364,1526,93.73464373,115729,34,2.278820375,527,35.32171582,68.68686869,42.1624418,45,1282,53.42639594,49.95769882,45.4,2393,882900,46.95431472
60750217001,1209,628,93.31352155,105550,12,1.910828025,154,24.52229299,68.51851852,47.04684318,45,606,56.24483044,51.28205128,48.9,1969,822100,8.023159636
60750217002,1162,686,98.28080229,132652,17,2.435530086,368,52.72206304,73.70030581,30.90024331,79,467,45.69707401,65.92082616,40,1973,1542200,25.30120482
60750217003,1864,1054,93.60568384,145446,66,6.346153846,295,28.36538462,53.88397247,32.11267606,54,838,54.66738197,55.84763948,41.8,1056,1182900,46.29828326
60750218001,1281,811,94.63243874,138295,114,14.43037975,358,45.3164557,67.38836265,37.61301989,79,630,53.94223263,79.93754879,40.4,1861,1178600,51.20999219
60750218002,1172,714,98.21182944,161250,39,5.547652916,201,28.59174964,57.0977918,36.17977528,79,516,50.34129693,78.24232082,38.2,1863,1104200,45.4705365
60750218003,704,415,93.04932735,105833,6,1.445783133,142,34.21686747,68.7150838,31.85053381,77,336,53.40909091,68.18181818,45.5,1702,1087000,29.82954545
60750218004,918,467,96.6873706,110536,0,0,202,44.88888889,54.95283019,31.33433283,79,431,47.60348584,71.02396514,41.9,1635,1055800,36.2745098
60750226001,850,653,100,181442,53,8.179012346,288,44.44444444,59.69125214,43.75857339,17,455,58.58823529,72.82352941,34,3036,1045100,65.17647059
60750226002,1511,1155,96.89597315,205288,141,12.20779221,423,36.62337662,51.14364135,43.21719792,18,738,54.79814692,61.2177366,35.1,3184,972500,52.54798147
60750227021,1129,868,98.41269841,184306,63,7.692307692,201,24.54212454,48.68073879,51.20614035,55,525,55.97874225,77.94508415,34.8,2573,1479200,69.26483614
60750227022,1135,808,97.4668275,172270,43,5.456852792,230,29.18781726,54.20689655,44.87447699,79,560,53.21585903,68.01762115,38.7,2295,1319000,45.59491371
60750227041,1162,853,96.05855856,153611,100,11.72332943,218,25.55685815,44.13619168,45.28122021,69,758,52.66781411,71.34251291,42,2654,1052200,36.48881239
60750227042,2203,1386,94.60750853,189063,88,6.4,285,20.72727273,36.34241245,42.73153576,79,1029,53.10939628,78.84702678,41.1,2581,1342500,31.27553336
60750228011,1122,774,98.59872611,145000,106,13.69509044,91,11.75710594,38.38383838,32.29613734,22,523,49.91087344,53.92156863,39,1267,743200,62.29946524
60750228012,2481,1714,91.36460554,114375,73,4.445797808,594,36.17539586,48.06924101,20.82035306,79,821,58.88754534,46.59411528,33,2149,909900,67.1345995
60750228013,1758,1145,98.70689655,117292,153,13.46830986,287,25.26408451,42.61201144,30.16845329,79,660,60.06825939,51.592719,34.1,1714,1101500,73.25921592
60750228021,600,358,95.21276596,105136,32,8.938547486,170,47.48603352,70.31700288,29.48453608,79,273,47.5,58.66666667,36,1278,1141700,77.66666667
60750228022,1735,860,97.50566893,87292,73,8.6492891,369,43.72037915,59.6692112,15.63814867,79,445,50.77809798,46.68587896,42.1,1453,977300,79.18739635
60750228031,1807,1132,95.93220339,104750,137,12.17777778,462,41.06666667,56.43192488,28.69139258,79,712,58.99280576,46.48588821,37,1845,900700,68.35300731
60750228032,1688,1106,86.88138256,122115,143,13.30232558,340,31.62790698,52.53036437,24.11720511,79,588,51.06635071,58.11611374,36.3,1875,935500,46.38625592
60750228033,1182,700,92.10526316,106806,53,7.571428571,228,32.57142857,38.47402597,23.85428907,79,343,50.67681895,75.63451777,33.2,2043,728400,64.36583261
60750229011,1772,1221,97.44612929,142974,241,20.30328559,681,57.37152485,45.29147982,40.50258684,79,573,57.33634312,49.49209932,31.9,2074,911500,76.99716714
60750229012,1915,1038,85.92715232,71614,212,20.4238921,363,34.97109827,37.96576032,19.71407073,79,605,55.35248042,41.35770235,37.3,1069,919800,65.59366755
60750229013,1705,724,81.16591928,62593,126,18.31395349,461,67.00581395,53.48837209,18.42629482,63,434,52.96187683,57.94721408,28.1,1716,678000,91.20234604
60750229021,1243,758,97.93281654,141042,159,21.42857143,195,26.28032345,54.38848921,25.58770344,79,466,65.64762671,47.22445696,42.3,2205,916700,45.16129032
60750229022,1354,876,96.47577093,108281,147,16.89655172,271,31.14942529,46.66666667,31.39866794,79,435,62.03840473,48.44903988,35.4,1714,798900,75.8493353
60750229031,2023,1098,98.38709677,85909,65,5.919854281,380,34.60837887,50.33112583,18.69476547,79,621,49.77755808,38.35887296,32.3,1715,855800,78.29955512
60750229032,696,544,97.31663685,139485,23,4.572564612,132,26.24254473,34.92822967,33.33333333,79,317,50.86206897,60.34482759,37.3,2188,674600,48.41954023
60750229033,762,496,100,103750,31,6.485355649,137,28.66108787,57.33944954,24.22535211,79,322,50.65616798,46.58792651,37.3,1987,892900,39.10761155
60750230011,1874,862,96.42058166,44028,32,3.97515528,302,37.51552795,69.38239159,9.978768577,72,521,45.57097118,11.68623266,40.7,1144,653700,35.12195122
60750230012,1598,795,92.54947614,86397,0,0,251,31.57232704,48.60406091,7.101086048,73,421,48.56070088,11.13892365,35.5,1089,669100,16.89612015
60750230013,1706,895,96.03004292,82963,7,0.789177001,269,30.32694476,69.1588785,15.32075472,73,486,51.93434936,5.50996483,47.7,0,720600,10.47058824
60750230031,2706,1325,94.91404011,74115,11,0.83081571,326,24.6223565,60.06389776,15.64164649,70,907,44.71544715,17.33185514,43.9,2454,664400,20.14042868
60750230032,1215,568,86.98315467,74107,0,0,58,10.06944444,44.44444444,15.02463054,71,388,53.25102881,7.160493827,40.1,1913,532100,20.24793388
60750231021,3032,1275,85.91644205,28634,16,1.28102482,455,36.42914331,55.50161812,11.9427628,39,1175,43.50263852,5.013192612,29.8,564,524700,67.87598945
60750231022,1505,500,82.91873964,28580,0,0,63,13.84615385,51.42857143,5.348258706,46,407,44.31893688,2.857142857,26.5,698,506800,72.49169435
60750231031,504,113,100,105136,0,0,29,29.89690722,70.10309278,14.28571429,42,261,53.37301587,8.333333333,26.5,1086,992668,88.88888889
60750231032,2218,583,88.06646526,21653,0,0,152,26.07204117,48.16849817,7.85046729,53,771,44.77006312,6.131650135,23.1,612,520300,89.49504058
60750232001,1280,505,74.37407953,33417,0,0,124,24.8496994,49.09819639,6.666666667,79,391,49.21875,16.640625,28.8,0,719800,54.66135458
60750232002,1722,897,98.46322722,79508,3,0.338600451,216,24.37923251,63.92638037,9.762100082,67,452,51.62601626,35.36585366,40.2,823,640500,16.72473868
60750232003,1454,733,86.540732,51000,13,1.773533424,292,39.83628922,57.35080058,9.262948207,72,520,40.99037139,8.046767538,38.6,1594,651700,49.08707865
60750233001,3429,1659,88.19776715,55600,11,0.671550672,537,32.78388278,62.55534472,13.45005969,22,1100,49.11052785,14.40653252,40.8,821,601400,39.77836104
60750234001,1509,783,94.56521739,57563,14,1.854304636,202,26.75496689,62.11267606,8.165225744,73,471,50.43074884,7.88601723,36.9,819,605800,41.88204109
60750234002,1923,873,86.77932406,34740,0,0,343,39.83739837,72.59786477,1.385281385,64,559,43.57774311,11.18044722,30.7,350,539800,52.10608424
60750251001,1887,1119,94.75021169,176023,57,5.116696589,314,28.18671454,62.75415896,32.44837758,79,678,50.23847377,75.14573397,36.5,1918,1256800,38.76675603
60750251002,826,507,95.30075188,135417,16,3.298969072,101,20.82474227,58.07228916,33.98328691,57,346,52.30024213,68.76513317,46.7,1985,990100,9.339975093
60750251003,1075,670,93.31476323,146898,52,7.807807808,251,37.68768769,57.23684211,29.83240223,56,367,50.60465116,52.37209302,42.8,2219,952200,18.60465116
60750252001,1759,895,84.59357278,129583,163,19.49760766,169,20.215311,40.69478908,25.01924557,79,546,55.42922115,70.03979534,32.6,1457,945100,54.29221148
60750252002,1442,889,86.64717349,133214,162,18.36734694,143,16.21315193,51.58850227,49.74533107,79,759,61.09570042,76.83772538,37.1,1850,1262300,47.83519553
60750252003,1349,687,90.99337748,126250,16,2.435312024,147,22.37442922,56.76625659,33.27102804,79,527,48.92512973,74.79614529,40.2,3025,1039100,39.00074571
60750252004,1259,781,100,140824,33,4.225352113,193,24.71190781,53.72124493,19.19087137,79,486,45.43288324,88.80063542,41.1,2271,1062500,36.06036537
60750253001,1318,765,98.8372093,165227,111,14.93943472,258,34.72409152,54.57317073,35.90225564,79,527,51.89681335,78.14871017,42.7,1847,1077800,31.71471927
60750253002,884,501,94.88636364,225547,20,4.338394794,158,34.27331887,55.36585366,41.11282844,79,331,55.20361991,77.14932127,38.9,2163,1056800,30.03452244
60750253003,830,577,100,95461,23,4.121863799,191,34.22939068,62.52285192,29.63604853,79,320,65.18072289,32.40963855,34.4,1171,545500,77.22891566
60750253004,1602,1160,96.34551495,97500,161,14.34937611,554,49.37611408,49.31381519,31.91011236,79,773,53.30836454,55.93008739,39.3,1499,800800,70.03322259
60750254011,1333,816,98.55072464,120000,48,6.209573092,265,34.28201811,68.73198847,18.53986551,79,583,44.8612153,58.13953488,38.5,1692,941700,68.11702926
60750254012,1237,776,94.40389294,142375,13,1.675257732,149,19.20103093,50.07153076,22.15053763,79,423,56.91188359,52.46564268,42.8,2024,1049500,37.80687398
60750254013,1601,793,92.85714286,91528,39,5.263157895,310,41.83535762,65.18624642,21.11111111,79,407,53.34166146,37.16427233,38.6,1741,868700,65.39662711
60750254021,1136,723,97.17741935,107056,6,0.840336134,170,23.80952381,61.04651163,20.06726457,79,377,49.38380282,48.32746479,42.2,2659,920700,22.72325376
60750254022,871,483,100,101972,24,5.042016807,156,32.77310924,57.6344086,11.54422789,66,374,52.35361653,59.93111366,42.6,1733,929800,36.96900115
60750254023,1242,802,97.44835966,164167,8,1.040312094,262,34.07022107,61.61202186,22.56157635,67,416,49.9194847,43.55877617,41.9,1667,986700,28.26086957
60750254031,1789,1057,93.78881988,99167,34,3.300970874,347,33.68932039,65.44885177,26.6002845,79,661,54.77920626,63.05198435,39.1,1645,869500,47.73616546
60750254032,3265,1578,86.3238512,84638,40,2.534854246,442,28.01013942,57.19086022,12.3154787,69,906,49.06584992,21.96018377,38.4,782,830800,40.36979969
60750255001,1647,948,93.49112426,114841,0,0,349,38.5209713,59.35637664,25.03912363,79,501,43.10868245,37.94778385,41.8,2342,925500,50
60750255002,1556,791,91.44508671,123281,27,3.413400759,218,27.56005057,42.04398448,21.73553719,79,384,50.19280206,30.65552699,42.3,3279,726700,10.86118252
60750255003,1527,794,97.78325123,202841,0,0,85,10.70528967,58.75169607,18.40435177,79,366,51.9318926,26.65356909,40.5,2525,825900,24.73045822
60750255004,744,338,81.25,88669,0,0,67,20.9375,94.79166667,9.763313609,79,304,52.41935484,30.77956989,62.2,1013,933700,42.99583911
60750255005,1278,755,96.17834395,92986,0,0,276,36.55629139,58.67549669,22.59067358,79,445,48.82629108,37.55868545,38.1,1898,729400,15.72769953
60750255006,2614,1560,94.43099274,87833,18,1.162040026,474,30.60038735,60.12569832,20.0317965,79,772,56.38867636,30.87222647,34,1525,809000,16.67941852
60750256001,2105,1031,91.88948307,70417,0,0,317,30.74684772,58.68089234,7.287449393,70,568,48.83610451,18.66983373,37,1558,611800,24.65558195
60750256002,689,350,96.41873278,74286,0,0,44,12.57142857,74,21.43950995,69,385,58.20029028,18.72278665,54.2,997,679000,31.64005806
60750256003,1154,742,94.16243655,104625,50,6.738544474,132,17.78975741,36.84210526,36.9195923,71,349,60.83188908,37.60831889,44.5,1125,770300,22.86956522
60750256004,1555,722,89.35643564,71389,13,1.800554017,244,33.79501385,61.61473088,9.013605442,79,436,52.41157556,24.82315113,51.4,1209,652800,27.5549806
60750257011,2047,1094,97.07187223,102234,12,1.10701107,300,27.67527675,60.98265896,15.13761468,72,434,52.85784074,16.65852467,38.8,2587,737400,7.26284585
60750257012,2158,1067,93.35083115,93571,11,1.10775428,310,31.21852971,61.89451023,15.20249221,69,718,48.70250232,20.2502317,37.6,2118,697600,37.67377201
60750257013,1096,687,97.30878187,61563,0,0,248,36.95976155,55.97579425,12.92073833,55,359,49.45255474,7.299270073,51,1571,751500,29.83576642
60750257021,1536,807,93.40277778,62366,0,0,266,37.04735376,67.68802228,9.578207381,63,384,51.3671875,9.765625,35.6,1539,958300,80.59895833
60750257022,1673,649,89.64088398,52534,0,0,268,41.29429892,54.16012559,7.957342084,79,538,48.41601913,13.62821279,44.3,1675,724800,36.15432483
60750257023,1489,725,98.23848238,98448,20,2.93255132,182,26.68621701,71.04874446,9.264853978,75,433,41.57152451,9.133646743,37.3,1808,865200,27.42587601
60750258001,1141,581,94.01294498,80000,0,0,196,34.14634146,53.14814815,16.75257732,75,359,47.76511832,23.04995618,40.3,1710,684300,38.21209465
60750258002,712,409,94.67592593,70500,0,0,100,25.18891688,56.86813187,14.33333333,71,288,45.64606742,24.71910112,51.9,1264,750000,44.63768116
60750259001,2234,1167,94.34114794,87781,0,0,244,21.88340807,51.30687318,19.90407674,60,695,49.50760967,40.95792301,43.8,1861,715900,30.0880853
60750259002,1959,1065,91.18150685,100556,0,0,203,19.40726577,55.89519651,29.99340804,58,640,49.97447677,28.33078101,37.9,2638,712800,26.64624809
60750259003,704,501,92.94990724,117050,0,0,188,37.5249501,82.52631579,7.130124777,63,157,46.02272727,2.556818182,43.9,0,623800,0
60750260011,2458,1163,96.11570248,67829,29,2.645985401,527,48.08394161,62.85998014,15.50925926,79,729,46.13506916,37.10333605,45,1422,702200,30.71602929
60750260012,3482,1810,94.76439791,52083,46,2.612152186,601,34.12833617,53.99399399,9.277536518,79,970,50.17231476,27.02469845,40.4,1629,601500,50.94991364
60750260021,1480,668,94.08450704,61500,0,0,308,46.66666667,67.03125,13.05872042,79,347,42.90540541,29.66216216,44.8,2077,615800,27.78242678
60750260022,2090,1355,96.9241774,110938,80,5.939123979,562,41.72234595,67.04631739,20.13181546,65,701,57.1291866,37.84688995,43.8,2647,743300,30.44325377
60750260031,2985,1602,90.50847458,64500,1,0.062853551,507,31.86675047,52.6984127,11.04895105,75,720,51.79229481,16.2479062,32.8,1561,645100,43.08207705
60750260032,2357,1255,98.43137255,61290,0,0,398,32.20064725,68.28644501,7.263790279,75,726,48.57870174,31.1837081,42.8,1694,658300,30.74626866
60750260041,2318,1299,94.81751825,71810,9,0.692840647,507,39.03002309,65.12539185,10.99830795,79,686,49.78429681,25.1078516,41.4,1992,776400,37.27351165
60750260042,2725,1369,90.42272127,91641,0,0,454,33.67952522,49.81245311,14.27109974,72,622,55.77981651,24.51376147,33.3,1399,705200,35.88235294
60750261001,1651,905,92.91581109,66103,0,0,288,31.82320442,59.45330296,14.74103586,63,476,43.06480921,22.22895215,47.3,1736,688500,45.91156875
60750261002,2401,1372,94.49035813,90673,9,0.702576112,464,36.2217018,65.40880503,17.3980382,79,717,52.4364848,11.12036651,45.5,1818,785100,33.79281537
60750261003,2165,1203,92.32540292,108472,6,0.542986425,354,32.0361991,67.33031674,9.843546284,76,479,48.96073903,15.19630485,30.8,1947,774600,52.60969977
60750261004,1093,709,94.78609626,78950,0,0,275,41.16766467,54.49101796,14.87341772,79,376,44.19030192,12.0768527,48.2,1396,730200,29.55169259
60750262001,1483,915,92.33097881,80450,0,0,417,46.8013468,60.79096045,9.822866345,70,420,46.52730951,16.5879973,48.6,2254,776500,17.86918409
60750262002,1740,799,84.28270042,79303,0,0,183,24.30278884,44.09030544,18.22358346,79,401,52.75862069,13.10344828,33.6,1317,676900,32.32382062
60750262003,1661,891,96.32432432,89531,0,0,238,26.71156004,54.9382716,11.328125,75,393,49.12703191,5.900060205,41.4,1727,647100,26.28709873
60750262004,1701,917,90.61264822,67205,0,0,281,30.6434024,80.84632517,5.369649805,79,509,55.26161082,14.87360376,49,1221,626600,38.62815884
60750262005,1221,581,97.64705882,83866,0,0,165,30.27522936,43.83301708,16.72862454,62,390,40.95004095,19.08271908,40.1,1818,732100,10.29288703
60750263011,1379,635,97.84283513,56898,0,0,195,31.35048232,43.72990354,9.891304348,79,349,45.25018129,32.34227701,33.9,1436,605900,54.8245614
60750263012,2643,1298,88.29931973,69074,0,0,543,44.03892944,56.58217498,10.9972041,79,762,47.86227771,17.63147938,46.5,1132,704600,34.50624291
60750263013,1062,594,93.10344828,68167,0,0,196,33.67697595,68.55670103,14.80225989,79,304,57.43879473,15.25423729,42.7,990,652200,29.61904762
60750263021,1003,531,90.92465753,78693,0,0,128,25.6,74.58033573,6.948228883,79,319,51.34596211,37.1884347,37.8,1724,694100,55.23429711
60750263022,1612,835,91.75824176,77000,0,0,236,28.7804878,67.69041769,12.8248114,79,406,45.40942928,9.429280397,45.5,1298,735500,27.60545906
60750263023,2534,1433,90.92639594,82644,0,0,322,22.47034194,64.86902928,21.18764846,55,866,50.51302289,21.78374112,43.8,1510,608800,45.2644041
60750263031,2045,1113,97.80316344,59219,0,0,613,56.084172,75.69573284,6.054421769,78,645,44.10757946,16.43031785,40.4,1690,655300,49.8989899
60750263032,2738,1191,91.47465438,83964,0,0,336,29.44785276,63.79613357,17.88389513,57,728,60.22644266,22.60774288,46.9,2346,695300,37.9373849
60750264011,1953,877,85.98039216,62298,0,0,228,25.9977195,58.16686251,4.253785148,63,497,42.90834613,2.611367127,42.1,722,618400,19.71326165
60750264012,1634,800,94.33962264,50750,0,0,191,23.875,66.92913386,4.044409199,68,580,58.87392901,13.58629131,48.8,1712,594100,21.84978274
60750264021,1003,642,92.90882779,84904,0,0,228,35.51401869,63.25503356,19.07090465,55,333,50.24925224,27.01894317,35.5,2225,701400,42.17347956
60750264022,2239,1204,100,125466,0,0,279,23.3277592,67.47491639,7.817385866,69,456,47.69986601,10.04912908,36.3,2550,621200,51.19530898
60750264023,1878,1008,94.29373246,75163,0,0,268,27.20812183,68.16283925,5.614567527,62,464,50.15974441,11.66134185,39.4,1789,676000,17.41214058
60750264031,1842,900,91.09311741,86042,0,0,330,37.37259343,56.35738832,11.45038168,65,549,49.61997828,13.02931596,45.1,1375,673900,37.09589041
60750264032,2103,940,88.51224105,46172,0,0,537,61.79516686,68.00920598,5.003248863,59,668,58.72563005,16.50023776,42.4,1572,620900,47.38118332
60750264041,1935,988,92.59606373,56538,0,0,345,35.13238289,59.79057592,7.279693487,69,431,49.04392765,17.51937984,37.2,1693,582000,41.29198966
60750264042,1126,501,91.5904936,51319,0,0,76,15.32258065,65.41176471,6.90647482,38,305,45.91474245,7.815275311,36.3,942,596200,50.88809947
60750301011,1520,1009,96.0038059,125192,55,5.735140772,431,44.94264859,46.85082873,37.80584057,79,776,52.56578947,78.81578947,34.7,1943,932400,69.08115359
60750301012,1692,1001,91.58279963,75962,16,1.619433198,536,54.25101215,69.02654867,42.02898551,79,646,48.64066194,52.00945626,29.8,2111,1056500,83.44113842
60750301013,910,634,100,103679,31,5.10708402,92,15.15650741,57.69230769,29.28039702,79,396,45.16483516,54.72527473,38.5,1986,1088500,49.23076923
60750301014,771,572,97.6109215,122813,37,6.607142857,192,34.28571429,70.25948104,35.23809524,79,421,52.01037613,62.38651102,37.9,1682,852300,58.23129252
60750301021,2814,1586,94.79976091,122593,43,2.721518987,524,33.16455696,63.50129199,45.92074592,55,1265,51.81236674,69.90049751,32,1968,2000000,59.70977379
60750301022,1368,778,91.74528302,109702,0,0,163,20.95115681,31.03448276,38.70967742,53,732,51.24269006,63.9619883,43.4,2310,969900,35.81871345
60750301023,908,561,100,180223,28,4.991087344,154,27.45098039,63.21353066,50.63291139,67,405,51.43171806,91.51982379,42.7,1818,1678600,24.88986784
60750302011,1794,1222,98.38969404,95733,110,9.197324415,404,33.77926421,55.73913043,35.05821475,64,904,53.23299889,56.57748049,34.9,1790,1010400,74.74916388
60750302012,1119,695,94.6866485,75625,29,4.289940828,307,45.41420118,73.01038062,39.03262092,79,510,44.95084897,41.64432529,35.2,1847,916700,68.40684068
60750302013,1541,883,95.35637149,117969,32,3.67816092,286,32.87356322,70.31847134,36.72638436,79,569,48.47501622,46.4633355,37.9,1714,1061200,47.11226476
60750302021,1540,1034,99.42307692,95114,27,2.670623145,512,50.64292779,61.66484118,36.12491128,79,793,43.83116883,58.44155844,34.6,1730,1128500,70.66578774
60750302022,1557,1146,100,115789,30,2.617801047,528,46.07329843,70.15755329,34.10620793,76,766,39.11368015,63.84071933,32.3,2064,965600,78.16313423
60750302023,1287,642,99.38080495,125644,16,2.680067002,273,45.72864322,50.85616438,29.74683544,79,604,44.21134421,38.77233877,39.5,2068,1045000,53.02911094
60750303011,1016,420,100,105136,0,0,130,33.59173127,55.98885794,24.43693694,75,524,46.7519685,45.86614173,62.7,1818,1088500,25.59055118
60750303012,2002,1180,93.72517871,155250,57,5.177111717,354,32.15258856,56.39810427,29.53063885,79,795,45.2047952,46.85314685,37.6,1708,1138900,42.3946557
60750303013,1489,979,100,128125,20,2.105263158,172,18.10526316,71.44522145,34.58167331,57,774,47.7501679,51.51108126,34.9,2318,1099400,45.22510232
60750303014,1400,852,96.48924122,168824,32,3.855421687,214,25.78313253,70.21582734,37.56906077,46,531,49.64285714,37.35714286,38.9,1917,1502600,29.07142857
60750303021,1370,723,97.96747967,122344,0,0,219,30.29045643,69.98468606,26.74858223,77,485,45.91240876,29.48905109,47.4,1476,982100,16.27737226
60750303022,1108,557,94.24703892,146696,24,4.308797127,86,15.43985637,65.45842217,40.66059226,75,445,49.63898917,62.36462094,43.7,1906,1112700,23.55595668
60750303023,1630,935,91.66666667,135143,25,2.673796791,322,34.43850267,69.7752809,32.55395683,79,567,44.11042945,37.66871166,41.4,1773,1101000,26.3190184
60750304001,1172,588,95.92169657,216111,0,0,174,31.46473779,53.13225058,42.16725559,79,481,52.1331058,69.53924915,41.9,2467,1793100,14.24914676
60750304002,1117,573,95.65943239,168409,0,0,166,28.97033159,69.5035461,30.41065483,79,399,44.31512981,65.98030439,45.8,1783,1279800,3.670546106
60750304003,1501,781,93.87019231,137059,18,2.304737516,227,29.0653009,66.44021739,28.66479925,66,526,46.90206529,36.508994,39.6,1743,1266700,12.32511659
60750304004,1007,559,88.44936709,146389,0,0,146,26.93726937,67.01030928,22.42595205,79,364,45.183714,40.01986097,43.2,1808,1038100,23.83316783
60750304005,829,522,98.67674858,121111,22,4.214559387,255,48.85057471,53.0651341,26.76056338,79,318,40.89264174,43.5464415,37.6,1468,1091100,39.32448733
60750305001,900,388,93.71980676,144531,0,0,68,17.5257732,41.8128655,40.05449591,57,363,53.11111111,61.88888889,55,3500,993100,10.77777778
60750305002,896,457,95.60669456,144097,0,0,88,19.25601751,60.3286385,42.11332312,61,324,57.70089286,42.29910714,35.6,3500,882500,25.7661748
60750305003,1320,386,100,105136,10,2.673796791,155,41.44385027,59.35828877,23.50498339,65,380,55,48.18181818,59.3,282,1095600,26.04456825
60750306001,772,302,97.73462783,113250,6,2.181818182,134,48.72727273,43.07692308,29.10891089,79,302,50.51813472,40.80310881,45.8,1818,1112200,23.70466321
60750306002,785,396,88,153482,7,1.832460733,75,19.63350785,56.28272251,34.56,79,324,44.84076433,64.07643312,44.5,2938,1056400,13.12101911
60750306003,863,479,98.35728953,213750,12,2.66075388,135,29.93348115,61.55778894,39.77635783,79,289,53.76593279,64.31054461,45.8,3500,1327500,9.473684211
60750307001,2904,1580,98.01488834,127946,0,0,300,19.26782274,65.48736462,36.91629956,68,1257,51.48071625,55.02754821,48,3500,1017600,21.96969697
60750307002,1834,992,98.70646766,209609,0,0,236,23.79032258,55.28205128,34.49781659,66,703,56.27044711,64.61286805,43.9,3010,1096700,17.12104689
60750307003,2226,1182,96.80589681,134872,20,1.785714286,182,16.25,52.46971109,40.98919841,62,902,52.06648697,58.40071878,44.1,2934,979700,26.0557053
60750308001,1176,682,100,173382,0,0,288,42.228739,67.7830941,39.78142077,79,473,48.04421769,79.76190476,34.9,1818,1550300,9.693877551
60750308002,493,280,100,170049,0,0,41,14.64285714,43.85245902,44.39252336,79,234,46.45030426,80.52738337,50.9,1818,1173300,32.86004057
60750308003,988,444,89.15662651,230517,0,0,230,51.8018018,51.17924528,45.57640751,79,236,53.6437247,34.31174089,49.5,1818,2000000,3.137651822
60750308004,2232,1122,97.73519164,187957,14,1.265822785,445,40.23508137,52.46679317,34.0665874,79,745,42.87634409,57.75089606,44,2398,1122000,39.08265647
60750308005,1879,1118,95.55555556,115078,40,3.619909502,443,40.09049774,52.12981744,26.3962766,79,734,53.32623736,47.6849388,47.7,1250,1172400,23.31027142
60750309001,977,579,89.07692308,235242,16,2.763385147,251,43.35060449,58.55855856,41.04903079,79,358,49.4370522,38.58751279,51.2,1818,1679300,0
60750309002,1540,746,100,234141,0,0,153,20.50938338,40.49844237,41.48606811,79,528,50.45454545,57.66233766,45.2,1818,1192100,4.136572554
60750309003,1650,711,88.2133995,129891,37,5.203938115,176,24.75386779,55.9939302,25.85669782,79,446,50.66666667,45.75757576,33.4,1818,1329800,4.96969697
60750309004,969,459,100,167350,0,0,96,22.22222222,75.98039216,26.31578947,79,393,47.05882353,47.88441692,54.2,1818,1395200,5.056759546
60750309005,506,338,100,210391,0,0,29,8.579881657,34.93975904,47.98994975,79,203,59.88142292,31.02766798,47.5,1798,1744700,10.86956522
60750309006,614,247,100,110380,0,0,17,6.882591093,28.13852814,34.73193473,79,249,48.3713355,86.31921824,55.2,1818,1413700,0
60750309007,686,387,93.47826087,146005,0,0,81,20.93023256,65.374677,19.65973535,67,265,51.60349854,20.55393586,48.4,1818,1115300,0
60750310001,853,320,95.52238806,132232,23,7.1875,43,13.4375,62.87878788,38.51851852,79,365,52.52051583,74.09144197,57.8,3500,1219500,16.76436108
60750310002,1446,624,93.41317365,157614,0,0,172,28.42975207,61.76470588,29.05894519,79,470,40.59474412,40.52558783,39.8,1779,1099100,25.625
60750310003,1500,809,97.35258724,130598,0,0,187,23.11495674,55.00667557,28.33495618,67,547,52.13333333,53.13333333,44.3,3068,1028400,27.66666667
60750311001,1143,523,92.89520426,91771,60,11.47227533,252,48.18355641,58.23293173,43.08641975,79,477,49.95625547,59.58005249,35.7,2527,863000,22.83464567
60750311002,1459,940,96.60842754,110583,0,0,252,27.21382289,54.49936629,37.4301676,79,598,53.87251542,60.31528444,38.7,1818,848400,23.15644383
60750311003,944,687,95.68245125,175917,48,6.986899563,116,16.88500728,47.32704403,19.69057665,79,332,49.15254237,42.16101695,38.2,1471,837900,29.34322034
60750311004,1342,741,95.86028461,87719,0,0,231,33.52685051,47.60479042,26.64783427,79,465,45.30551416,46.19970194,49.1,1593,760900,18.85245902
60750311005,1838,1115,100,127045,15,1.379944802,450,41.39834407,65.55246054,23.85386819,70,781,48.85745375,64.25462459,37.3,2343,853700,39.98911861
60750312011,2970,1824,94.8024948,74483,30,1.675977654,919,51.34078212,69.97729852,15.73696145,79,899,51.31313131,22.45791246,38.5,2110,663700,50.74074074
60750312012,1926,1219,91.72310008,83750,31,2.667814114,413,35.54216867,81.38888889,23.90710383,79,515,55.65939772,23.72793354,38.1,1536,637400,47.50778816
60750312013,942,513,84.93377483,96806,0,0,178,36.92946058,65.76763485,17.59259259,79,285,44.69214437,24.41613588,49.4,1806,703000,40.04884005
60750312014,1639,866,89.8340249,115787,0,0,125,14.41753172,57.91366906,18.46543002,66,389,48.13910921,20.86638194,40.6,1607,646800,10.91918569
60750312021,1442,753,90.07177033,76581,6,0.816326531,227,30.88435374,66.10644258,15.24663677,79,429,52.0110957,10.88765603,46.5,1768,644900,25.24271845
60750312022,2009,1068,93.68421053,78472,19,1.800947867,535,50.71090047,57.62876579,10.94674556,73,493,50.57242409,10.6022897,35.3,1656,773900,28.82030861
60750313011,1222,677,94.81792717,98171,11,1.624815362,161,23.78138848,45.15151515,21.61835749,78,340,49.50900164,25.28641571,39,3097,772000,23.76980817
60750313012,1806,957,93.5483871,104063,0,0,266,27.79519331,62.17732884,12.19325153,72,504,40.25470653,20.21040975,45.3,2574,700400,15.47022816
60750313013,1369,608,83.63136176,85329,0,0,155,25.32679739,59.89399293,26.28624883,74,514,59.53250548,26.73484295,47,1152,794300,25.27392257
60750313021,1678,836,91.86813187,66827,0,0,273,32.65550239,53.41463415,19.11290323,65,471,51.96662694,18.05721097,43.3,1767,663200,13.28963051
60750313022,1724,812,90.625,73859,9,1.206434316,307,41.15281501,62.07386364,9.090909091,71,573,46.1136891,25.46403712,42.9,2224,641800,22.85382831
60750313023,2823,1845,96.8503937,83463,0,0,569,31.76996092,56.11764706,19.84089846,42,959,51.32837407,16.6135317,37.2,2155,580000,39.92206872
60750314001,823,366,81.69642857,54559,0,0,92,25.69832402,56.39534884,16.84782609,73,246,46.90157959,14.58080194,37.9,1134,692600,27.70352369
60750314002,1773,962,94.49901768,63583,0,0,360,37.42203742,76.34989201,14.59754434,76,506,57.30400451,14.60800902,46.4,1483,646900,50.70501974
60750314003,1517,784,90.11494253,59732,0,0,273,34.82142857,71.38927098,13.36244541,69,342,58.60250494,21.02834542,35.9,991,694800,33.21479374
60750314004,1480,829,93.14606742,59395,0,0,167,20.14475271,55.18565941,7.925801012,79,418,44.32432432,13.78378378,40.1,2534,695700,29.72972973
60750314005,1322,611,93.71165644,76500,0,0,110,18.33333333,53.52839931,11.14551084,70,455,47.57942511,26.17246596,43.8,1765,657000,18.59756098
60750326011,1893,1151,92.89749798,101680,94,8.333333333,411,36.43617021,59.66697502,34.35623749,71,715,51.55837295,38.56312731,36.2,1748,898900,65.87427364
60750326012,1812,987,95.27027027,72829,35,3.546099291,463,46.90982776,75.26096033,22.89831865,79,578,56.84326711,33.60927152,31,1673,1017700,68.04635762
60750326013,1473,1037,96.46511628,114458,11,1.10330993,390,39.11735206,85.68486097,22.52873563,79,619,52.2742702,33.33333333,43.2,2260,937100,36.1774744
60750326021,2070,1004,98.62475442,101875,8,0.834202294,490,51.09489051,73.19004525,21.33251834,79,783,47.24637681,27.58454106,42.1,1787,902100,35.13909224
60750326022,1562,903,96.06382979,74353,27,3.103448276,222,25.51724138,55.5408971,21.66392092,79,509,43.21382843,30.34571063,37.2,1941,859400,76.05633803
60750326023,1415,749,91.11922141,99659,26,3.47129506,179,23.89853138,78.27338129,24.60869565,79,521,50.17667845,35.40636042,45,1891,958700,48.68327402
60750327001,1127,622,94.96183206,105136,13,2.090032154,112,18.00643087,48.54771784,18.81838074,79,293,55.81188997,35.93611358,46,1818,906300,22.64995524
60750327002,1384,844,95.25959368,102650,38,4.720496894,231,28.69565217,65.72164948,26.92307692,79,611,46.60404624,37.13872832,34.1,1974,804700,38.07803468
60750327003,1047,690,91.75531915,103661,15,2.173913043,319,46.23188406,76.27627628,41.92740926,79,460,49.95224451,33.81088825,35.6,2014,1082000,53.86819484
60750327004,1032,441,100,111655,43,9.750566893,114,25.85034014,64.62585034,15.70743405,79,316,47.09302326,36.04651163,50.5,1818,1056500,2.810077519
60750327005,1033,510,89.0052356,120888,33,6.734693878,156,31.83673469,81.42857143,27.6674938,78,363,58.85769603,21.49080348,56.2,1818,991800,8.712487899
60750327006,941,478,100,177917,28,5.857740586,207,43.30543933,60.25104603,36.51266766,75,289,48.35281615,40.48884166,39,2250,953800,17.0031881
60750327007,651,414,100,76228,12,2.898550725,89,21.49758454,70.02881844,23.4496124,79,314,38.0952381,56.98924731,52.6,1750,938100,27.80337942
60750328011,1551,660,89.55223881,74412,0,0,269,41.64086687,83.33333333,19.36507937,79,490,46.22823985,30.6898775,45.3,1933,877600,26.5060241
60750328012,1598,1031,96.98965193,114559,0,0,407,39.94111874,79.31034483,31.0290652,79,642,44.4931164,42.8660826,31.2,2160,888900,68.77346683
60750328013,1356,643,94.28152493,139750,0,0,196,31.06180666,73.59098229,16.7961165,74,454,52.94985251,26.62241888,50.8,1818,846700,13.56932153
60750328021,1404,781,93.87019231,100109,0,0,346,44.8767834,75.51020408,20.86614173,71,536,47.29344729,22.00854701,38,1628,878000,35.96866097
60750328022,1495,871,95.08733624,86563,13,1.633165829,220,27.63819095,60.26315789,27.52212389,73,545,50.56856187,20.13377926,36.8,2350,872000,53.97993311
60750328023,1327,737,89.76857491,94792,26,3.724928367,169,24.21203438,56.28742515,28.75647668,79,520,51.77091183,34.06179352,51.5,3092,868100,18.68877167
60750329011,1389,829,97.52941176,132083,26,3.136308806,275,33.17249698,67.72554003,20.05347594,71,421,43.412527,24.19006479,43.8,1808,866900,7.631389489
60750329012,1562,687,89.10505837,92813,0,0,142,20.97488922,66.66666667,24.63099631,77,451,49.35979513,34.82714469,39.3,1958,944300,31.81818182
60750329013,1350,683,89.0482399,99276,11,1.644245142,198,29.59641256,63.94453005,20.6500956,79,525,43.40740741,27.48148148,44.2,2574,923800,27.23852521
60750329014,1577,717,93.23797139,86500,0,0,236,33.52272727,74.03560831,21.58469945,79,472,46.29042486,27.20355105,38.1,2042,900400,27.41214058
60750329021,1082,530,94.4741533,87054,17,3.20754717,46,8.679245283,62.47240618,24.94824017,72,443,56.37707948,32.71719039,53.6,2308,951600,33.1792976
60750329022,1780,945,98.64300626,100054,59,6.296691569,203,21.66488794,54.04530744,20.16574586,73,546,49.38202247,19.88764045,48,2243,753600,45.92760181
60750329023,1561,744,92.88389513,94222,8,1.075268817,303,40.72580645,67.03146375,23.78472222,74,458,46.31646381,28.44330557,39.5,2549,846600,27.61050609
60750330001,1317,773,95.0799508,97528,25,3.355704698,364,48.8590604,60.31073446,26.30541872,79,515,53.91040243,59.90888383,38.3,1701,1013100,24.75322703
60750330002,1190,676,91.97278912,91726,0,0,216,32.67776097,74.43267776,19.44134078,79,441,56.63865546,32.43697479,35.3,1364,1045200,45.46218487
60750330003,1475,780,100,125563,0,0,184,23.58974359,72.1574344,25.02250225,64,573,50.23728814,51.93220339,41.7,2961,979000,28.40746055
60750330004,1521,884,98.22222222,151917,0,0,157,18.06674338,72.19512195,26.93498452,71,490,44.37869822,23.01117686,40.5,3100,1058800,53.23117921
60750330005,1581,1016,93.55432781,83772,0,0,399,39.27165354,75.0984252,24.7217806,75,525,50.15812777,35.35736875,48.5,2280,817300,38.33017078
60750330006,1306,524,96.85767098,49929,0,0,96,18.32061069,64.50381679,8.631578947,75,354,38.6676876,22.89433384,50.5,1615,958300,74.19601838
60750331001,621,306,92.1686747,77614,0,0,36,11.76470588,69.5970696,36.60714286,79,313,44.92753623,49.75845411,59.3,1818,1222500,6.280193237
60750331002,1040,488,94.02697495,129948,16,3.278688525,81,16.59836066,72.06823028,28.98550725,77,387,53.84615385,34.80769231,46.3,2417,982100,19.13640824
60750331003,916,436,92.17758985,116000,13,3.147699758,82,19.85472155,62.28287841,31.5301391,63,292,54.91266376,26.41921397,44.5,3105,1077800,4.366812227
60750331004,1401,698,88.46641318,105000,0,0,134,19.19770774,81.16169545,36.94852941,64,575,49.10778016,37.54461099,50.4,3500,1075800,18.80832735
60750332011,4281,1635,72.50554324,28750,0,0,675,42.74857505,47.70942408,27.80082988,60,739,35.7860313,41.08853072,19.6,1712,992668,100
60750332031,2261,1091,85.77044025,41311,13,1.200369344,345,31.85595568,52.03094778,27.35274204,63,974,52.80849182,48.16452897,29.3,2211,992668,100
60750332032,1319,859,93.47116431,64000,0,0,347,40.39580908,53.84615385,29.5929593,71,595,50.41698256,45.26156179,36.5,2073,992668,100
60750332041,949,437,93.57601713,42672,0,0,186,43.55971897,81.73302108,16.5232358,67,350,51.73867229,39.7260274,26.4,2099,992668,100
60750332042,2036,1031,86.06010017,64226,0,0,420,40.50144648,59.33202358,35.16908213,70,741,57.22003929,45.13752456,25.2,1851,992668,100
60750332043,1693,764,84.14096916,50341,0,0,198,26.36484687,54.97159091,24.81598318,70,640,46.72179563,25.33963379,26.4,1887,992668,100
60750351001,1501,822,92.04927212,103828,0,0,255,32.65044814,60.87570621,20.6959707,71,505,40.90606262,37.10859427,41.3,1820,962100,57.89473684
60750351002,745,556,100,68750,0,0,227,40.82733813,63.8996139,33.78787879,69,376,57.04697987,23.62416107,52.1,1706,1175000,70.90663058
60750351003,1109,618,100,133750,56,9.286898839,119,19.73466003,50.70422535,24.82690406,79,420,49.14337241,66.72678088,37.7,2759,1126700,21.64111812
60750351004,900,346,94.79452055,140703,36,10.40462428,121,34.97109827,61.84971098,17.39130435,77,233,33.55555556,45.55555556,45.6,1818,898600,17.65363128
60750351005,1613,890,89.08908909,172212,109,12.24719101,90,10.11235955,70.45454545,25.88235294,72,500,46.55920645,27.03037818,44.7,2571,912900,13.20520769
60750351006,1074,494,91.65120594,103258,0,0,152,30.76923077,60.61946903,34.85576923,71,387,48.13780261,22.34636872,39.6,2561,842600,39.01303538
60750351007,2078,1049,97.67225326,140500,0,0,273,25.70621469,58.47457627,16.74237508,70,556,41.96342637,18.23869105,41,1743,850800,41.81905679
60750352011,1012,518,97.55178908,77500,18,3.522504892,153,29.94129159,76.85774947,20.43269231,69,384,58.69565217,37.74703557,39.4,2085,675800,34.58498024
60750352012,1246,530,93.63957597,83472,0,0,137,24.77396022,68.19852941,17.58849558,71,341,38.52327448,40.60995185,31,2000,731900,26.40449438
60750352013,1435,680,97.28183119,103000,24,3.587443946,117,17.48878924,73.36683417,19.00097943,71,412,41.74216028,29.61672474,38.3,2100,840900,13.728223
60750352014,1362,709,93.28947368,83611,14,1.994301994,136,19.37321937,65.77380952,20.97836312,70,508,55.58002937,52.12922173,42.4,1706,914400,21.5917465
60750352015,1125,630,95.02262443,81646,0,0,150,23.80952381,55.8101473,18.63874346,69,390,46.84444444,31.02222222,46.7,1721,830100,32.88888889
60750352021,1928,1183,92.56651017,91019,109,9.21386306,238,20.1183432,69.27816901,29.25211098,63,816,49.17012448,44.70954357,39.1,1689,705200,56.32780083
60750352022,1804,1253,97.890625,80208,0,0,399,32.38636364,67.82608696,15.29933481,68,657,50.22172949,38.19290466,37,1618,844600,61.96145125
60750352023,1179,608,98.06451613,66146,0,0,160,26.80067002,68.50921273,24.65437788,68,477,55.0466497,53.09584394,38.4,1850,773000,47.32824427
60750353001,912,415,100,137857,0,0,56,13.4939759,82.29426434,24.10179641,72,306,39.36403509,15.02192982,46.3,1818,891100,16.11842105
60750353002,1940,895,89.67935872,105136,0,0,150,17.08428246,73.46241458,19.52131638,70,642,46.39175258,28.04123711,31.8,1659,900300,40.92783505
60750353003,1441,650,94.47674419,81296,0,0,132,20.88607595,74.52531646,7.557603687,72,436,45.17696044,9.090909091,41.7,1818,754300,7.436260623
60750353004,708,463,94.48979592,66700,58,12.52699784,50,10.79913607,75.33333333,12.57367387,72,356,54.80225989,28.10734463,38.9,1818,738500,10.87570621
60750353005,1349,840,100,84079,0,0,144,17.95511222,64.23076923,16.97560976,70,470,49.07338769,48.1097109,51.7,1841,836800,49.81467754
60750353006,1160,530,84.39490446,82263,0,0,222,43.7007874,80.11811024,23.40909091,64,415,40.77586207,43.44827586,45.4,2202,734500,31.29310345
60750354001,1834,1146,95.26184539,138500,0,0,220,19.87353207,70.1897019,32.59853039,74,574,47.92802617,46.61941112,45.6,3266,871700,8.724100327
60750354002,1526,732,96.69749009,87717,0,0,178,24.8951049,77.95163585,9.969088099,73,440,34.66579292,11.66448231,50.4,1818,810200,22.87024902
60750354003,852,538,82.89676425,105136,0,0,57,12.10191083,56.19469027,18.82911392,68,382,48.4741784,67.72300469,35.8,1191,868800,43.2464455
60750354004,1847,1070,92.00343938,102181,0,0,368,34.71698113,66.21621622,19.82105988,72,656,50.29778018,15.37628587,39.9,1343,932900,27.82891175
60750354005,1016,551,95.65972222,72772,17,3.085299456,130,23.59346642,80.33175355,31.02345416,70,560,53.0511811,55.80708661,54.5,1467,819900,50.98425197
60750401001,815,404,96.6507177,103750,20,5.063291139,161,40.75949367,52.94117647,37.02422145,79,341,42.33128834,86.3803681,45.3,1796,1210200,55.77427822
60750401002,1528,857,93.45692475,105560,18,2.120141343,401,47.23203769,66.91919192,23.61563518,79,559,47.38219895,39.59424084,35.5,1470,2000000,81.7408377
60750401003,1554,1097,95.14310494,91786,47,4.404873477,390,36.55107779,67.89631107,28.58255452,61,663,42.98584299,50.64350064,33.7,1726,1306800,74.9034749
60750401004,773,518,95.92592593,96591,46,9.218436874,147,29.45891784,58.59728507,39.19753086,79,462,50.58214748,77.49029754,37.5,1753,1125000,61.19016818
60750402001,1798,1167,93.50961538,115893,114,9.768637532,455,38.98886033,50.27675277,42.10122699,79,884,52.50278087,76.75194661,34.8,1484,2000000,49.94438265
60750402002,760,384,100,75217,71,18.48958333,162,42.1875,75.48209366,25.47660312,54,462,34.86842105,44.34210526,37.6,1787,1247500,60.05326232
60750402003,1685,897,96.97297297,76094,0,0,337,39.41520468,62.19686163,13.07861866,69,598,41.78041543,24.45103858,44,1679,1610700,58.80938064
60750402004,1390,889,96.4208243,124028,0,0,196,23.00469484,41.58163265,34.65703971,79,653,47.69784173,78.48920863,42.2,1912,1106500,62.8057554
60750426011,1625,956,87.06739526,72500,26,2.742616034,466,49.15611814,71.36204889,24.15730337,75,710,55.56923077,41.41538462,39.6,1456,1080400,82.90123457
60750426012,2331,1507,98.94944189,85109,88,6.02739726,449,30.75342466,60.8365019,33.80053908,74,1195,43.11454311,58.3011583,42.9,2053,985100,74.25997426
60750426021,876,661,98.65671642,121250,0,0,272,41.14977307,60.06711409,29.14364641,79,491,46.34703196,59.36073059,42.1,1913,1503700,58.78995434
60750426022,1094,631,97.37654321,132083,10,1.647446458,178,29.32454695,63.599182,40.74074074,79,573,50.18281536,59.59780622,38.9,2423,1569800,54.66179159
60750426023,1187,716,97.01897019,97386,40,5.681818182,147,20.88068182,63.11605723,26.22222222,79,548,47.43049705,54.42291491,40.1,1724,1194400,66.97556866
60750427001,1820,1071,98.98336414,86580,17,1.623686724,339,32.3782235,75.83333333,28.78688525,75,943,43.84615385,46.31868132,46,2047,1119600,67.14285714
60750427002,2159,1367,89.46335079,68958,15,1.097293343,681,49.81711778,63.15789474,18.36228288,53,986,49.18943956,32.14451135,44.3,1555,1176300,71.93064667
60750427003,1418,613,97.61146497,48958,0,0,191,31.15823817,59.68586387,23.40248963,76,758,40.19746121,43.7235543,56.4,1298,972700,58.81523272
60750428001,1242,553,98.75,126250,41,8.216432866,38,7.615230461,52.91576674,41.45785877,79,554,50.96618357,67.39130435,44.3,2109,2000000,27.53623188
60750428002,583,215,89.958159,250000,20,9.302325581,22,10.23255814,50.63291139,40,79,246,50.42881647,87.47855918,48.7,3313,2000000,16.80960549
60750428003,672,250,93.6329588,229531,0,0,29,12.44635193,29.47368421,33.09352518,79,245,44.19642857,81.39880952,45.1,1413,2000000,12.35119048
60750451001,1908,1305,98.56495468,115921,0,0,496,38.93249608,59.18712955,31.03864734,79,993,42.50524109,56.49895178,38.2,1903,1154900,58.67507886
60750451002,1722,1189,95.80983078,120188,143,12.62135922,455,40.15887026,52.08140611,27.39520958,79,684,52.84552846,66.08594657,32.9,2009,1527400,60.45296167
60750451003,1509,929,94.31472081,82639,68,7.597765363,392,43.79888268,59.34579439,22.24231465,79,595,38.30351226,34.19483101,33.5,1694,1275600,71.0859427
60750452001,2135,1305,90.43659044,101023,56,4.56397718,344,28.03585982,59.94741455,38.86124931,61,780,53.34894614,49.60187354,32.6,2118,1513400,68.29039813
60750452002,1507,1029,95.89934762,59500,51,4.956268222,470,45.67541302,59.2476489,25.68306011,79,792,43.06569343,50.63039151,37.4,1444,958300,87.32581287
60750452003,922,433,100,105136,22,5.326876513,90,21.79176755,51.11111111,28.2208589,79,387,25.05422993,59.32754881,38.7,1936,1178000,58.69565217
60750452004,1312,658,100,126726,62,9.422492401,200,30.39513678,53.49544073,30.40069686,79,499,43.21646341,34.45121951,47.2,1755,1617800,46.2191358
60750452005,1237,760,100,85294,0,0,332,43.68421053,49.16943522,28.74109264,79,560,52.70816492,46.56426839,34.6,1668,992668,73.72675829
60750476001,1938,1124,98.25174825,85221,43,4.282868526,384,38.24701195,49.28861789,36.35087719,57,775,58.10113519,23.42621259,41.5,1845,1125000,60.8875129
60750476002,1050,625,97.96238245,88831,34,5.44,113,18.08,60.40955631,31.55339806,79,469,52.38095238,47.9047619,48.7,2287,1092400,38.18181818
60750476003,1103,644,96.98795181,94922,17,2.77324633,152,24.79608483,76.18147448,41.11948332,79,447,57.47960109,44.42429737,50.2,2184,1087800,70.08159565
60750476004,1569,894,92.93139293,101750,62,6.935123043,195,21.81208054,61.54822335,29.08333333,79,738,47.29126832,62.71510516,39.9,2064,1159500,64.94582537
60750477011,1643,1039,91.7844523,92963,23,2.259332024,447,43.90962672,57.25108225,23.25088339,66,772,45.28301887,52.09981741,34.9,1661,1125000,63.60316494
60750477012,1348,777,95.33742331,71950,0,0,341,45.46666667,76.09618105,25.3101737,79,698,44.58456973,34.49554896,55.1,1537,903200,68.24925816
60750477013,1351,778,93.06220096,83611,0,0,300,39.5256917,65,19.77077364,79,598,45.37379719,40.26646928,40.8,2000,916200,42.56106588
60750477021,1269,704,97.10344828,58824,0,0,140,21.02102102,64.4295302,14.98015873,79,538,40.50433412,44.83845548,46.6,1459,921400,53.6643026
60750477022,1183,731,98.78378378,101042,58,7.934336525,208,28.45417237,64.0625,24.1416309,79,525,53.00084531,39.306847,42.9,1917,1169500,55.79036348
60750477023,1602,931,92.82153539,125474,70,7.608695652,385,41.84782609,74.26966292,33.46425766,79,642,49.3133583,49.25093633,41.4,1711,1004700,50.46963056
60750478011,1312,687,91.35638298,121250,11,1.601164483,128,18.63173217,70.1399689,30.02832861,79,513,49.31402439,35.67073171,45,1679,990500,24.1194487
60750478012,1051,657,96.19326501,106902,8,1.251956182,313,48.9827856,81.84663537,32.85714286,79,478,47.00285442,43.67269267,40.3,1698,1137700,50.04830918
60750478013,1771,1008,95.72649573,89688,13,1.313131313,309,31.21212121,50.11312217,23.68082368,79,800,46.18859401,45.7933371,48.5,2049,993800,46.53409091
60750478021,933,501,100,90221,8,1.596806387,112,22.35528942,68.19172113,31.52909337,79,482,52.19721329,48.12433012,47.3,1847,1480800,63.34405145
60750478022,1149,567,93.87417219,98438,0,0,171,30.70017953,75.81300813,29.36507937,75,445,48.21583986,33.07223673,39.6,2204,1036200,52.87356322
60750478023,1810,1070,98.5267035,71250,4,0.376647834,509,47.92843691,69.09272183,16.87211094,72,698,41.65745856,29.39226519,35.4,1693,882400,58.2320442
60750479011,1076,722,100,128347,91,12.60387812,221,30.60941828,63.23076923,27.18998862,79,431,44.51672862,36.43122677,42.6,1494,904000,37.22697056
60750479012,1399,596,83.24022346,62006,32,5.53633218,106,18.33910035,57.14285714,38.13559322,43,724,56.25446748,47.03359543,46.8,1824,799000,37.02644746
60750479013,1667,962,96.48946841,101597,0,0,304,31.89926548,64.22319475,14.89841986,79,605,44.03119376,59.56808638,40.9,1489,911200,19.49610078
60750479014,1696,887,94.96788009,79029,0,0,102,11.4994363,55.27876631,13.5021097,76,526,48.40801887,24.41037736,40.1,1729,963700,27.35452909
60750479015,1275,654,100,105136,56,9.150326797,159,25.98039216,82.72552783,28.65792129,73,572,43.05882353,52.70588235,37.7,1899,939400,29.41659819
60750479021,1366,679,96.58605974,67038,0,0,111,16.34756996,65.28028933,23.86759582,79,537,42.82576867,52.48901903,44.3,2202,1077900,34.33382138
60750479022,1223,697,96.80555556,83514,18,2.582496413,159,22.81205165,55.26742301,28.19548872,79,656,46.68847097,44.39901881,47.8,1933,1142900,53.80212592
60750479023,1269,773,97.4779319,103611,19,2.49343832,283,37.13910761,70.04103967,25.79051383,79,442,61.70212766,37.58865248,43.8,1682,928400,38.61308117
60750601001,4117,2471,98.9587505,195375,157,6.38990639,619,25.19332519,52.97477392,39.8003992,69,1352,50.61938305,83.79888268,29.5,3267,2000000,95.84649016
60750604001,1616,782,95.24969549,47308,16,2.147651007,123,16.51006711,61.27717391,25.27881041,41,1084,48.57673267,61.94306931,45.3,1659,807700,74.23771002
60750605021,662,192,74.70817121,12075,6,3.314917127,96,53.03867403,50.82872928,0,68,257,49.6978852,6.042296073,23.3,292,992668,100
60750605022,941,267,71.96765499,18750,0,0,162,67.78242678,66.52719665,5.054945055,68,325,36.45058448,16.47183847,24.2,373,992668,100
60750605023,1843,837,90.29126214,52800,0,0,372,44.44444444,68.06722689,9.473684211,69,490,49.5930548,7.976125882,39,973,644700,45.36082474
60750607001,10264,6701,96.18200086,144542,166,2.528945765,2552,38.87873248,61.80589087,36.2162816,13,5262,52.19212783,39.48752923,33.7,2822,799400,63.1815908
60750607002,110,110,100,108477,0,0,30,34.48275862,0,22.72727273,11,85,22.72727273,72.72727273,30.1,3343,992668,100
60750607003,1051,600,100,120848,0,0,204,35.85237258,60.11131725,26.59574468,17,548,50.04757374,66.79352997,41.1,1525,772100,64.8905804
60750610001,2791,1630,96.16519174,113920,53,3.425985779,257,16.61279897,63.80449141,28.69135802,14,1071,52.59763526,20.24364027,34.1,3112,660700,40.91723397
60750610002,2022,959,85.54861731,71250,0,0,292,30.44838373,63.3297062,14.33161954,68,615,43.71909001,18.00197824,40,1741,702900,33.16757832
60750611001,526,197,97.04433498,12172,9,4.891304348,96,52.17391304,73.36956522,6.918238994,50,394,41.06463878,14.25855513,66.1,345,1359400,93.91634981
60750611002,2970,1314,92.2752809,19231,16,1.25,379,29.609375,31.9554849,5.084745763,79,1298,51.58249158,3.03030303,50.9,564,535700,97.91245791
60750611003,1076,359,90.65656566,16607,0,0,169,47.07520891,31.47632312,3.926096998,79,592,46.65427509,9.851301115,54.4,496,992668,100
60750612001,1525,601,83.35644938,47391,0,0,108,18.43003413,69.771529,11.06074343,61,412,53.7704918,20.26229508,36.2,1818,543600,32.09459459
60750612002,2926,1668,87.28414443,65865,46,2.799756543,372,22.64150943,42.49061327,14.40754039,66,865,57.21120984,17.08817498,37.9,1380,537200,67.72838642
60750614001,2701,1214,84.95451365,105136,81,6.672158155,337,27.75947282,55.67665758,26.06382979,79,1088,47.68604221,34.28359867,36.8,1818,658100,69.15957053
60750614002,2302,1146,96.95431472,147604,91,8.480894688,208,19.38490214,50.81495686,36.08974359,31,1034,45.96003475,49.30495222,34.5,1881,1125000,42.65855778
60750614003,1121,915,96.9279661,211507,85,10.54590571,312,38.70967742,53.13807531,50.82284608,79,531,58.7867975,75.20071365,35.8,2310,1077600,66.19090098
60750615001,1813,1505,96.78456592,179487,0,0,213,14.15282392,36.75637394,58.4114727,14,1722,65.63706564,50.46883618,38.8,3083,992668,70.65637066
60750615002,2357,1748,92.09694415,216901,0,0,597,34.15331808,42.45742092,56.09302326,15,1215,60.28850233,55.19728468,35.9,3000,922300,61.60373356
60750615003,1955,1169,95.97701149,250000,0,0,97,9.023255814,55.31686359,45.50669216,14,1419,48.3887468,44.29667519,35.7,3500,1338800,38.9769821
60750615004,2898,2099,99.05615857,149456,0,0,410,21.05803801,38.80597015,30.53735256,13,2000,50.37957212,49.93098689,36.7,2990,614600,45.08586043
60750615005,676,322,100,105136,0,0,148,45.96273292,85.1590106,39.65811966,25,549,70.26627219,55.91715976,39.6,394,992668,91.20521173
60750615006,4165,2849,94.24412835,167541,49,1.749375223,586,20.92109961,40.35807535,34.10946477,17,2800,44.29771909,58.43937575,35.7,2211,974500,75.57485948
60759802001,304,64,100,149250,0,0,15,23.4375,38.18181818,27.51677852,70,71,79.27631579,48.68421053,65.9,2344,1044600,45.45454545
60759803001,84,80,100,131333,0,0,36,45,75,51.19047619,79,66,60.71428571,88.0952381,38.4,1650,992668,100
60759804011,0,0,0,0,0,0,0,0,0,0,71,0,0,0,0,0,0,0
60759805011,782,202,71.37809187,16016,0,0,58,29.29292929,59.89583333,10.15037594,44,301,43.47826087,4.475703325,42.5,290,668500,71.61981258
60759806001,513,253,87.84722222,68958,4,1.646090535,134,55.14403292,76.56903766,18.39378238,31,249,56.7251462,32.35867446,46.7,890,587500,28.65497076
60759809001,242,172,88.65979381,103750,34,19.76744186,22,12.79069767,48.8372093,27.63819095,25,178,55.78512397,72.72727273,37.4,2425,1068200,87.19008264
60759901000,0,0,0,0,0,0,0,0,0,0,71,0,0,0,0,0,0,0
